epoch,l0_cw,l0_s,mse_loss,s_loss,lambda_s,entropy_loss,lambda_e,loss,oa,aa,k,min_cw,max_cw,avg_cw,min_s,max_s,avg_s,selected_bands,selected_weights,weight_0,weight_1,weight_2,weight_3,weight_4,weight_5,weight_6,weight_7,weight_8,weight_9,weight_10,weight_11,weight_12,weight_13,weight_14,weight_15,weight_16,weight_17,weight_18,weight_19,weight_20,weight_21,weight_22,weight_23,weight_24,weight_25,weight_26,weight_27,weight_28,weight_29,weight_30,weight_31,weight_32,weight_33,weight_34,weight_35,weight_36,weight_37,weight_38,weight_39,weight_40,weight_41,weight_42,weight_43,weight_44,weight_45,weight_46,weight_47,weight_48,weight_49,weight_50,weight_51,weight_52,weight_53,weight_54,weight_55,weight_56,weight_57,weight_58,weight_59,weight_60,weight_61,weight_62,weight_63,weight_64,weight_65,weight_66,weight_67,weight_68,weight_69,weight_70,weight_71,weight_72,weight_73,weight_74,weight_75,weight_76,weight_77,weight_78,weight_79,weight_80,weight_81,weight_82,weight_83,weight_84,weight_85,weight_86,weight_87,weight_88,weight_89,weight_90,weight_91,weight_92,weight_93,weight_94,weight_95,weight_96,weight_97,weight_98,weight_99,weight_100,weight_101,weight_102,weight_103,weight_104,weight_105,weight_106,weight_107,weight_108,weight_109,weight_110,weight_111,weight_112,weight_113,weight_114,weight_115,weight_116,weight_117,weight_118,weight_119,weight_120,weight_121,weight_122,weight_123,weight_124,weight_125,weight_126,weight_127,weight_128,weight_129,weight_130
0,131,131,2.07,8.7420273,0.001,4.8741207,0.001,2.083,0.495,0.411,0.364,0.008,0.201,0.074,0.008,0.201,0.074,119|120,0.201|0.193,0.062,0.066,0.07,0.045,0.066,0.086,0.038,0.105,0.11,0.026,0.047,0.143,0.147,0.043,0.017,0.081,0.07,0.029,0.062,0.073,0.028,0.037,0.038,0.053,0.067,0.035,0.04,0.023,0.054,0.034,0.075,0.085,0.18,0.051,0.033,0.046,0.116,0.035,0.029,0.035,0.114,0.09,0.088,0.087,0.077,0.122,0.037,0.057,0.032,0.105,0.036,0.097,0.101,0.035,0.039,0.115,0.041,0.055,0.087,0.03,0.09,0.037,0.092,0.04,0.044,0.028,0.049,0.065,0.171,0.174,0.036,0.157,0.011,0.185,0.113,0.129,0.008,0.037,0.073,0.101,0.035,0.059,0.044,0.047,0.094,0.108,0.026,0.11,0.021,0.068,0.025,0.087,0.033,0.151,0.031,0.038,0.095,0.087,0.112,0.111,0.082,0.156,0.028,0.039,0.147,0.02,0.048,0.017,0.045,0.165,0.047,0.035,0.02,0.155,0.046,0.119,0.166,0.098,0.013,0.201,0.193,0.029,0.093,0.157,0.056,0.097,0.076,0.075,0.093,0.156,0.114
10,131,131,0.799,8.4702072,0.001,4.8630252,0.001,0.812,0.477,0.402,0.343,0.01,0.804,0.22,0.01,0.804,0.22,120|129,0.804|0.676,0.423,0.434,0.138,0.143,0.187,0.337,0.098,0.054,0.014,0.031,0.102,0.444,0.322,0.373,0.316,0.174,0.234,0.385,0.405,0.425,0.459,0.182,0.409,0.296,0.235,0.108,0.294,0.261,0.156,0.07,0.255,0.2,0.261,0.39,0.113,0.011,0.199,0.088,0.041,0.334,0.594,0.106,0.164,0.09,0.354,0.3,0.122,0.068,0.247,0.526,0.152,0.221,0.01,0.02,0.077,0.254,0.221,0.353,0.227,0.351,0.198,0.044,0.052,0.419,0.073,0.109,0.063,0.054,0.137,0.057,0.095,0.131,0.23,0.174,0.307,0.307,0.387,0.186,0.223,0.377,0.07,0.379,0.082,0.118,0.109,0.048,0.184,0.047,0.015,0.243,0.251,0.074,0.128,0.244,0.067,0.191,0.378,0.417,0.301,0.317,0.096,0.561,0.313,0.141,0.296,0.18,0.06,0.361,0.228,0.031,0.254,0.077,0.407,0.29,0.125,0.074,0.074,0.231,0.04,0.188,0.804,0.293,0.298,0.207,0.367,0.099,0.018,0.185,0.416,0.676,0.265
20,131,131,0.641,8.3449354,0.001,4.8549929,0.001,0.654,0.477,0.402,0.343,0.009,0.969,0.268,0.009,0.969,0.268,120|129,0.969|0.812,0.435,0.635,0.154,0.203,0.246,0.389,0.1,0.054,0.042,0.059,0.197,0.561,0.51,0.447,0.371,0.22,0.227,0.437,0.586,0.584,0.585,0.216,0.558,0.379,0.342,0.182,0.359,0.353,0.145,0.223,0.276,0.224,0.451,0.608,0.07,0.087,0.174,0.053,0.126,0.448,0.718,0.046,0.166,0.103,0.444,0.264,0.196,0.082,0.285,0.636,0.262,0.166,0.009,0.071,0.087,0.257,0.246,0.458,0.299,0.36,0.175,0.115,0.107,0.518,0.086,0.093,0.073,0.126,0.212,0.112,0.179,0.079,0.316,0.171,0.413,0.299,0.577,0.241,0.224,0.371,0.059,0.406,0.075,0.12,0.056,0.043,0.239,0.046,0.098,0.339,0.255,0.062,0.096,0.305,0.162,0.045,0.49,0.493,0.317,0.401,0.085,0.758,0.373,0.21,0.309,0.284,0.064,0.424,0.286,0.017,0.272,0.032,0.434,0.366,0.024,0.098,0.054,0.286,0.05,0.224,0.969,0.354,0.337,0.292,0.481,0.206,0.032,0.192,0.476,0.812,0.307
30,131,131,0.547,8.2603493,0.001,4.8490152,0.001,0.56,0.477,0.402,0.343,0.01,1.039,0.297,0.01,1.039,0.297,120|129,1.039|0.882,0.476,0.682,0.088,0.226,0.284,0.48,0.042,0.056,0.097,0.046,0.204,0.591,0.613,0.492,0.355,0.183,0.225,0.485,0.666,0.681,0.649,0.221,0.61,0.412,0.386,0.156,0.464,0.455,0.149,0.327,0.362,0.259,0.6,0.769,0.087,0.16,0.173,0.038,0.156,0.472,0.785,0.016,0.158,0.138,0.481,0.242,0.28,0.102,0.342,0.684,0.296,0.135,0.01,0.084,0.071,0.234,0.284,0.571,0.36,0.358,0.171,0.141,0.155,0.582,0.107,0.081,0.086,0.155,0.268,0.172,0.275,0.043,0.332,0.145,0.496,0.273,0.695,0.284,0.226,0.38,0.032,0.486,0.025,0.118,0.126,0.067,0.308,0.024,0.13,0.418,0.305,0.055,0.078,0.363,0.147,0.066,0.564,0.548,0.332,0.429,0.09,0.841,0.417,0.294,0.275,0.245,0.076,0.525,0.258,0.014,0.236,0.026,0.453,0.392,0.042,0.111,0.055,0.357,0.04,0.281,1.039,0.364,0.329,0.307,0.539,0.259,0.027,0.178,0.478,0.882,0.345
40,131,131,0.488,8.1578569,0.001,4.8443604,0.001,0.501,0.49,0.436,0.36,0.011,1.06,0.313,0.011,1.06,0.313,120|101,1.06|0.911,0.5,0.683,0.037,0.24,0.322,0.576,0.034,0.064,0.086,0.049,0.173,0.643,0.632,0.535,0.325,0.134,0.233,0.551,0.632,0.74,0.696,0.228,0.647,0.405,0.412,0.138,0.548,0.436,0.136,0.368,0.391,0.279,0.681,0.87,0.098,0.19,0.179,0.033,0.167,0.5,0.815,0.038,0.161,0.178,0.469,0.209,0.336,0.104,0.381,0.705,0.338,0.128,0.011,0.093,0.066,0.257,0.239,0.612,0.378,0.343,0.139,0.139,0.214,0.621,0.107,0.074,0.075,0.151,0.315,0.15,0.397,0.073,0.294,0.123,0.554,0.255,0.793,0.303,0.196,0.375,0.014,0.596,0.03,0.104,0.177,0.048,0.308,0.025,0.146,0.495,0.402,0.047,0.071,0.388,0.089,0.067,0.612,0.626,0.353,0.416,0.093,0.911,0.464,0.349,0.221,0.199,0.077,0.59,0.24,0.015,0.206,0.031,0.498,0.407,0.071,0.086,0.057,0.418,0.042,0.307,1.06,0.376,0.325,0.325,0.607,0.287,0.039,0.173,0.483,0.894,0.376
50,131,131,0.438,8.0581751,0.001,4.8405108,0.001,0.451,0.522,0.433,0.397,0.013,1.076,0.322,0.013,1.076,0.322,120|33,1.076|0.931,0.543,0.732,0.03,0.297,0.357,0.634,0.038,0.076,0.064,0.058,0.188,0.67,0.636,0.563,0.279,0.12,0.226,0.575,0.601,0.772,0.693,0.22,0.643,0.433,0.423,0.126,0.596,0.427,0.119,0.411,0.424,0.285,0.72,0.931,0.065,0.2,0.194,0.028,0.196,0.519,0.868,0.045,0.13,0.182,0.488,0.176,0.35,0.093,0.39,0.697,0.399,0.148,0.013,0.096,0.062,0.262,0.204,0.614,0.38,0.328,0.133,0.114,0.268,0.664,0.106,0.064,0.063,0.144,0.326,0.126,0.439,0.1,0.274,0.13,0.559,0.219,0.929,0.299,0.176,0.353,0.031,0.638,0.036,0.092,0.207,0.036,0.285,0.029,0.161,0.546,0.491,0.037,0.072,0.437,0.078,0.074,0.656,0.677,0.342,0.414,0.074,0.917,0.507,0.37,0.168,0.182,0.081,0.612,0.237,0.025,0.181,0.031,0.518,0.39,0.065,0.075,0.063,0.465,0.045,0.323,1.076,0.359,0.321,0.331,0.659,0.315,0.014,0.168,0.48,0.896,0.384
60,131,131,0.409,7.9562931,0.001,4.8373561,0.001,0.422,0.494,0.406,0.358,0.014,1.091,0.326,0.014,1.091,0.326,120|76,1.091|0.997,0.553,0.769,0.032,0.306,0.368,0.695,0.045,0.083,0.05,0.058,0.181,0.656,0.626,0.594,0.227,0.092,0.189,0.591,0.599,0.812,0.69,0.196,0.645,0.447,0.415,0.11,0.622,0.416,0.111,0.43,0.441,0.293,0.756,0.971,0.025,0.207,0.18,0.037,0.186,0.539,0.908,0.036,0.123,0.185,0.51,0.159,0.331,0.086,0.386,0.698,0.41,0.175,0.019,0.117,0.063,0.251,0.169,0.617,0.382,0.311,0.14,0.094,0.349,0.689,0.101,0.053,0.03,0.138,0.341,0.103,0.457,0.123,0.282,0.152,0.563,0.192,0.997,0.308,0.15,0.344,0.025,0.656,0.043,0.083,0.21,0.037,0.258,0.031,0.176,0.563,0.557,0.03,0.066,0.449,0.086,0.06,0.655,0.693,0.381,0.408,0.049,0.934,0.533,0.402,0.137,0.176,0.087,0.606,0.269,0.015,0.173,0.029,0.52,0.353,0.099,0.053,0.07,0.492,0.041,0.327,1.091,0.356,0.324,0.318,0.667,0.362,0.014,0.141,0.502,0.904,0.369
70,131,131,0.354,7.8751926,0.001,4.8350372,0.001,0.366,0.494,0.406,0.358,0.014,1.107,0.327,0.014,1.107,0.327,120|76,1.107|1.033,0.514,0.788,0.037,0.316,0.383,0.751,0.046,0.09,0.037,0.055,0.206,0.654,0.608,0.592,0.188,0.076,0.202,0.599,0.575,0.817,0.695,0.191,0.644,0.448,0.406,0.082,0.639,0.417,0.107,0.441,0.469,0.293,0.803,1.0,0.019,0.17,0.179,0.029,0.199,0.571,0.922,0.046,0.119,0.182,0.519,0.152,0.307,0.091,0.408,0.721,0.435,0.164,0.026,0.12,0.06,0.245,0.159,0.604,0.382,0.32,0.12,0.111,0.398,0.681,0.101,0.048,0.029,0.129,0.361,0.072,0.508,0.121,0.283,0.151,0.581,0.182,1.033,0.302,0.12,0.321,0.022,0.649,0.037,0.075,0.221,0.035,0.272,0.031,0.165,0.605,0.579,0.024,0.058,0.462,0.069,0.048,0.646,0.711,0.35,0.384,0.035,0.951,0.541,0.397,0.118,0.178,0.087,0.61,0.293,0.038,0.153,0.031,0.554,0.344,0.101,0.058,0.074,0.512,0.032,0.307,1.107,0.348,0.305,0.305,0.667,0.357,0.014,0.128,0.527,0.901,0.344
80,131,131,0.331,7.8329668,0.001,4.8331261,0.001,0.344,0.494,0.406,0.358,0.015,1.108,0.33,0.015,1.108,0.33,120|76,1.108|1.089,0.49,0.788,0.025,0.343,0.386,0.787,0.049,0.099,0.038,0.057,0.2,0.644,0.597,0.585,0.154,0.08,0.191,0.611,0.578,0.834,0.689,0.181,0.655,0.442,0.402,0.079,0.685,0.397,0.108,0.445,0.49,0.319,0.839,1.021,0.036,0.16,0.189,0.032,0.201,0.586,0.947,0.05,0.094,0.187,0.529,0.14,0.296,0.096,0.424,0.729,0.458,0.164,0.029,0.134,0.063,0.231,0.144,0.595,0.369,0.303,0.1,0.106,0.465,0.696,0.098,0.045,0.031,0.126,0.375,0.069,0.543,0.143,0.283,0.155,0.6,0.192,1.089,0.306,0.103,0.329,0.02,0.653,0.03,0.073,0.237,0.031,0.282,0.029,0.151,0.63,0.59,0.02,0.059,0.473,0.06,0.056,0.625,0.706,0.338,0.378,0.021,0.969,0.565,0.398,0.11,0.175,0.085,0.606,0.309,0.054,0.151,0.032,0.539,0.32,0.106,0.062,0.076,0.54,0.03,0.299,1.108,0.343,0.304,0.286,0.654,0.379,0.015,0.127,0.533,0.897,0.329
90,131,131,0.298,7.773036,0.001,4.8311357,0.001,0.311,0.494,0.406,0.358,0.013,1.12,0.331,0.013,1.12,0.331,76|120,1.12|1.109,0.498,0.793,0.024,0.357,0.4,0.816,0.048,0.105,0.038,0.053,0.216,0.637,0.563,0.58,0.126,0.07,0.186,0.613,0.584,0.866,0.678,0.173,0.642,0.448,0.408,0.088,0.711,0.381,0.108,0.447,0.509,0.326,0.874,1.039,0.048,0.136,0.207,0.032,0.215,0.599,0.99,0.053,0.074,0.188,0.558,0.148,0.301,0.098,0.434,0.722,0.48,0.17,0.031,0.16,0.062,0.244,0.132,0.613,0.38,0.315,0.089,0.106,0.507,0.694,0.096,0.041,0.031,0.118,0.377,0.057,0.557,0.163,0.29,0.148,0.623,0.188,1.12,0.318,0.099,0.322,0.026,0.649,0.027,0.072,0.242,0.026,0.259,0.026,0.141,0.648,0.595,0.016,0.05,0.484,0.056,0.021,0.623,0.704,0.342,0.357,0.019,0.983,0.572,0.391,0.096,0.188,0.083,0.592,0.341,0.016,0.143,0.032,0.549,0.3,0.105,0.046,0.078,0.558,0.026,0.286,1.109,0.361,0.29,0.26,0.658,0.378,0.013,0.11,0.522,0.887,0.307
100,131,131,0.289,7.7464628,0.001,4.8298392,0.001,0.301,0.494,0.406,0.358,0.013,1.147,0.333,0.013,1.147,0.333,76|120,1.147|1.12,0.474,0.805,0.025,0.379,0.405,0.837,0.045,0.106,0.033,0.056,0.204,0.646,0.534,0.577,0.124,0.059,0.192,0.624,0.615,0.871,0.646,0.167,0.635,0.454,0.436,0.092,0.737,0.38,0.11,0.434,0.523,0.32,0.904,1.057,0.031,0.123,0.2,0.032,0.223,0.6,1.016,0.051,0.09,0.196,0.576,0.149,0.283,0.099,0.44,0.715,0.497,0.173,0.029,0.153,0.063,0.239,0.11,0.612,0.359,0.331,0.082,0.115,0.579,0.687,0.097,0.038,0.027,0.126,0.364,0.06,0.569,0.167,0.3,0.145,0.638,0.185,1.147,0.339,0.1,0.345,0.03,0.649,0.026,0.07,0.235,0.018,0.233,0.023,0.161,0.657,0.618,0.051,0.047,0.476,0.049,0.021,0.636,0.68,0.343,0.349,0.018,0.982,0.568,0.4,0.096,0.202,0.082,0.567,0.356,0.015,0.136,0.032,0.533,0.301,0.106,0.048,0.076,0.571,0.027,0.254,1.12,0.374,0.278,0.242,0.643,0.371,0.013,0.104,0.537,0.867,0.296
110,131,131,0.251,7.7181759,0.001,4.8284888,0.001,0.263,0.494,0.406,0.358,0.017,1.17,0.335,0.017,1.17,0.335,76|120,1.17|1.102,0.473,0.822,0.022,0.393,0.398,0.841,0.046,0.104,0.029,0.054,0.222,0.645,0.521,0.559,0.095,0.056,0.196,0.623,0.595,0.881,0.65,0.168,0.631,0.46,0.428,0.103,0.748,0.371,0.116,0.462,0.518,0.337,0.942,1.071,0.018,0.104,0.209,0.032,0.254,0.608,1.048,0.053,0.085,0.206,0.595,0.134,0.273,0.098,0.456,0.713,0.507,0.189,0.022,0.171,0.058,0.254,0.103,0.6,0.363,0.31,0.077,0.129,0.609,0.697,0.093,0.037,0.028,0.124,0.382,0.052,0.59,0.177,0.299,0.157,0.659,0.205,1.17,0.364,0.094,0.339,0.03,0.64,0.023,0.071,0.228,0.019,0.226,0.02,0.143,0.671,0.617,0.054,0.023,0.48,0.046,0.021,0.625,0.703,0.35,0.316,0.017,0.993,0.579,0.411,0.086,0.211,0.08,0.57,0.381,0.02,0.126,0.035,0.546,0.273,0.103,0.042,0.078,0.582,0.026,0.279,1.102,0.376,0.266,0.23,0.642,0.365,0.022,0.1,0.528,0.862,0.291
120,131,131,0.236,7.7033825,0.001,4.8271627,0.001,0.248,0.494,0.406,0.358,0.014,1.188,0.338,0.014,1.188,0.338,76|120,1.188|1.098,0.461,0.814,0.02,0.421,0.393,0.852,0.047,0.104,0.026,0.056,0.237,0.644,0.522,0.569,0.093,0.056,0.199,0.634,0.614,0.905,0.653,0.18,0.632,0.458,0.437,0.115,0.777,0.368,0.124,0.462,0.541,0.342,0.969,1.083,0.014,0.106,0.222,0.032,0.261,0.618,1.076,0.051,0.088,0.222,0.618,0.137,0.262,0.104,0.459,0.712,0.526,0.194,0.021,0.187,0.055,0.265,0.105,0.593,0.356,0.318,0.07,0.146,0.634,0.696,0.095,0.035,0.028,0.118,0.386,0.04,0.606,0.183,0.296,0.144,0.672,0.213,1.188,0.372,0.099,0.347,0.032,0.641,0.02,0.07,0.233,0.016,0.218,0.023,0.154,0.677,0.634,0.033,0.02,0.48,0.041,0.02,0.621,0.703,0.358,0.301,0.016,1.009,0.571,0.401,0.063,0.222,0.082,0.553,0.407,0.017,0.126,0.035,0.547,0.26,0.107,0.026,0.08,0.582,0.028,0.302,1.098,0.37,0.252,0.244,0.631,0.361,0.017,0.097,0.523,0.855,0.279
130,131,131,0.242,7.698144,0.001,4.8250241,0.001,0.254,0.47,0.44,0.338,0.01,1.217,0.344,0.01,1.217,0.344,76|33,1.217|1.119,0.482,0.829,0.016,0.427,0.404,0.863,0.052,0.103,0.027,0.061,0.264,0.663,0.503,0.591,0.091,0.035,0.214,0.644,0.63,0.934,0.671,0.192,0.629,0.463,0.425,0.113,0.813,0.365,0.126,0.471,0.548,0.364,1.003,1.119,0.014,0.103,0.204,0.031,0.271,0.632,1.093,0.048,0.101,0.241,0.603,0.141,0.273,0.107,0.466,0.716,0.524,0.216,0.018,0.21,0.055,0.275,0.099,0.589,0.362,0.308,0.077,0.156,0.666,0.69,0.094,0.035,0.03,0.119,0.393,0.044,0.624,0.181,0.312,0.143,0.692,0.219,1.217,0.394,0.087,0.353,0.029,0.652,0.016,0.068,0.239,0.078,0.214,0.038,0.158,0.695,0.638,0.031,0.015,0.51,0.04,0.02,0.625,0.706,0.367,0.291,0.015,1.027,0.574,0.412,0.032,0.238,0.081,0.558,0.427,0.019,0.129,0.035,0.544,0.244,0.123,0.01,0.079,0.578,0.026,0.297,1.109,0.388,0.245,0.26,0.634,0.371,0.019,0.092,0.538,0.872,0.274
140,131,131,0.227,7.6806087,0.001,4.8232617,0.001,0.239,0.469,0.414,0.329,0.012,1.229,0.348,0.012,1.229,0.348,76|40,1.229|1.132,0.502,0.839,0.02,0.456,0.399,0.877,0.049,0.1,0.026,0.063,0.272,0.671,0.53,0.578,0.083,0.021,0.202,0.635,0.608,0.95,0.671,0.185,0.633,0.461,0.423,0.126,0.816,0.36,0.131,0.524,0.562,0.347,1.028,1.121,0.014,0.092,0.228,0.031,0.279,0.644,1.132,0.051,0.104,0.245,0.619,0.151,0.259,0.107,0.49,0.715,0.543,0.227,0.015,0.223,0.053,0.28,0.084,0.61,0.361,0.31,0.085,0.157,0.682,0.716,0.091,0.034,0.031,0.107,0.388,0.039,0.637,0.203,0.322,0.145,0.706,0.209,1.229,0.414,0.094,0.348,0.029,0.675,0.015,0.066,0.257,0.108,0.203,0.025,0.153,0.699,0.656,0.046,0.016,0.52,0.035,0.018,0.63,0.707,0.36,0.283,0.013,1.039,0.58,0.416,0.023,0.262,0.082,0.557,0.454,0.018,0.105,0.035,0.546,0.229,0.112,0.012,0.082,0.593,0.021,0.312,1.121,0.382,0.248,0.256,0.651,0.363,0.025,0.102,0.506,0.879,0.27
150,131,131,0.188,7.6817827,0.001,4.8217344,0.001,0.201,0.47,0.44,0.338,0.014,1.254,0.353,0.014,1.254,0.353,76|33,1.254|1.143,0.495,0.853,0.025,0.484,0.417,0.902,0.048,0.096,0.021,0.066,0.266,0.669,0.534,0.583,0.079,0.029,0.18,0.647,0.608,0.963,0.647,0.194,0.647,0.458,0.454,0.122,0.844,0.391,0.138,0.523,0.577,0.359,1.06,1.143,0.035,0.099,0.24,0.031,0.288,0.65,1.134,0.05,0.104,0.26,0.649,0.146,0.268,0.112,0.495,0.726,0.558,0.213,0.017,0.232,0.052,0.29,0.083,0.619,0.358,0.32,0.083,0.168,0.701,0.721,0.091,0.034,0.031,0.106,0.387,0.027,0.66,0.199,0.327,0.139,0.726,0.224,1.254,0.433,0.089,0.366,0.03,0.672,0.014,0.064,0.245,0.087,0.192,0.064,0.162,0.696,0.686,0.05,0.018,0.524,0.035,0.017,0.63,0.716,0.368,0.274,0.014,1.048,0.573,0.409,0.026,0.27,0.083,0.543,0.477,0.015,0.107,0.035,0.54,0.222,0.091,0.064,0.085,0.605,0.019,0.306,1.117,0.404,0.233,0.253,0.645,0.369,0.021,0.086,0.518,0.888,0.271
160,131,131,0.183,7.6744881,0.001,4.8197012,0.001,0.195,0.469,0.414,0.329,0.012,1.283,0.358,0.012,1.283,0.358,76|40,1.283|1.167,0.51,0.865,0.027,0.51,0.421,0.907,0.051,0.099,0.02,0.07,0.287,0.675,0.544,0.599,0.076,0.026,0.194,0.64,0.62,0.987,0.664,0.184,0.646,0.469,0.458,0.128,0.87,0.374,0.143,0.547,0.592,0.363,1.087,1.146,0.051,0.09,0.246,0.06,0.295,0.654,1.167,0.05,0.108,0.265,0.668,0.15,0.259,0.116,0.494,0.729,0.573,0.218,0.032,0.24,0.049,0.274,0.088,0.623,0.36,0.316,0.082,0.161,0.722,0.734,0.09,0.033,0.029,0.113,0.396,0.033,0.68,0.211,0.33,0.133,0.736,0.219,1.283,0.451,0.08,0.38,0.029,0.669,0.013,0.064,0.244,0.084,0.183,0.051,0.165,0.709,0.691,0.046,0.017,0.529,0.033,0.016,0.644,0.724,0.37,0.274,0.012,1.074,0.582,0.417,0.023,0.28,0.084,0.548,0.486,0.02,0.109,0.039,0.554,0.22,0.103,0.036,0.084,0.599,0.017,0.316,1.115,0.402,0.229,0.264,0.654,0.379,0.021,0.106,0.513,0.905,0.272
170,131,131,0.186,7.6495247,0.001,4.8182216,0.001,0.198,0.469,0.414,0.329,0.012,1.289,0.36,0.012,1.289,0.36,76|40,1.289|1.189,0.515,0.868,0.024,0.53,0.429,0.917,0.055,0.1,0.018,0.073,0.303,0.679,0.551,0.598,0.071,0.022,0.202,0.635,0.628,0.986,0.668,0.188,0.651,0.472,0.451,0.125,0.878,0.389,0.146,0.57,0.603,0.37,1.103,1.163,0.032,0.096,0.255,0.031,0.294,0.661,1.189,0.05,0.109,0.259,0.664,0.154,0.254,0.12,0.512,0.738,0.578,0.222,0.014,0.227,0.045,0.265,0.086,0.632,0.351,0.319,0.072,0.16,0.744,0.743,0.09,0.034,0.029,0.123,0.402,0.023,0.685,0.22,0.339,0.138,0.728,0.23,1.289,0.474,0.069,0.374,0.027,0.671,0.014,0.065,0.256,0.067,0.171,0.042,0.152,0.72,0.703,0.043,0.015,0.531,0.035,0.015,0.64,0.734,0.374,0.277,0.012,1.092,0.579,0.421,0.021,0.285,0.083,0.539,0.504,0.036,0.103,0.036,0.561,0.21,0.103,0.026,0.08,0.607,0.021,0.319,1.113,0.401,0.22,0.271,0.659,0.386,0.024,0.111,0.514,0.914,0.285
180,131,131,0.148,7.6449776,0.001,4.8168707,0.001,0.16,0.469,0.414,0.329,0.012,1.302,0.364,0.012,1.302,0.364,76|40,1.302|1.195,0.532,0.88,0.02,0.526,0.448,0.935,0.053,0.099,0.016,0.076,0.313,0.684,0.539,0.609,0.063,0.026,0.203,0.638,0.633,0.998,0.662,0.198,0.652,0.47,0.468,0.135,0.907,0.399,0.144,0.573,0.607,0.376,1.131,1.171,0.017,0.097,0.264,0.034,0.298,0.669,1.195,0.05,0.104,0.27,0.672,0.16,0.256,0.122,0.513,0.748,0.589,0.227,0.047,0.235,0.048,0.276,0.084,0.647,0.367,0.32,0.083,0.173,0.76,0.744,0.089,0.031,0.029,0.112,0.401,0.021,0.686,0.217,0.333,0.141,0.737,0.232,1.302,0.49,0.066,0.381,0.028,0.667,0.012,0.063,0.239,0.041,0.167,0.06,0.173,0.722,0.719,0.037,0.015,0.529,0.032,0.016,0.642,0.733,0.371,0.269,0.012,1.101,0.563,0.425,0.019,0.295,0.081,0.544,0.528,0.021,0.111,0.038,0.563,0.21,0.1,0.018,0.079,0.615,0.045,0.306,1.12,0.409,0.227,0.27,0.649,0.373,0.022,0.116,0.509,0.929,0.285
190,131,131,0.148,7.6536398,0.001,4.8162274,0.001,0.161,0.469,0.414,0.329,0.01,1.304,0.366,0.01,1.304,0.366,76|40,1.304|1.207,0.546,0.888,0.019,0.541,0.449,0.946,0.055,0.1,0.016,0.08,0.31,0.68,0.55,0.607,0.065,0.023,0.207,0.634,0.627,1.016,0.67,0.2,0.657,0.451,0.465,0.153,0.918,0.397,0.145,0.598,0.63,0.374,1.134,1.175,0.017,0.1,0.263,0.039,0.315,0.666,1.207,0.046,0.117,0.285,0.69,0.167,0.261,0.127,0.519,0.743,0.6,0.222,0.056,0.227,0.054,0.273,0.087,0.637,0.367,0.315,0.076,0.173,0.778,0.738,0.086,0.036,0.029,0.108,0.392,0.024,0.695,0.212,0.337,0.135,0.741,0.233,1.304,0.493,0.055,0.388,0.036,0.682,0.01,0.061,0.241,0.035,0.173,0.053,0.181,0.738,0.737,0.037,0.014,0.532,0.035,0.018,0.643,0.745,0.385,0.27,0.016,1.114,0.563,0.417,0.021,0.317,0.083,0.541,0.527,0.018,0.103,0.036,0.57,0.205,0.107,0.021,0.077,0.598,0.059,0.31,1.111,0.416,0.215,0.28,0.643,0.362,0.021,0.138,0.518,0.932,0.28
200,131,131,0.125,7.6410685,0.001,4.8148975,0.001,0.138,0.469,0.414,0.329,0.013,1.321,0.369,0.013,1.321,0.369,76|40,1.321|1.218,0.565,0.912,0.023,0.544,0.461,0.951,0.057,0.101,0.039,0.079,0.326,0.693,0.551,0.6,0.062,0.023,0.198,0.633,0.633,1.024,0.67,0.201,0.66,0.466,0.474,0.149,0.933,0.396,0.144,0.602,0.626,0.367,1.165,1.178,0.016,0.088,0.27,0.039,0.311,0.666,1.218,0.046,0.111,0.289,0.688,0.177,0.252,0.132,0.513,0.749,0.605,0.213,0.047,0.238,0.045,0.276,0.078,0.652,0.372,0.312,0.08,0.175,0.774,0.747,0.084,0.033,0.027,0.114,0.399,0.017,0.706,0.217,0.326,0.138,0.745,0.231,1.321,0.507,0.041,0.39,0.03,0.672,0.032,0.061,0.24,0.036,0.159,0.04,0.174,0.746,0.725,0.048,0.013,0.542,0.035,0.043,0.643,0.743,0.385,0.253,0.038,1.122,0.571,0.419,0.017,0.318,0.086,0.547,0.541,0.019,0.094,0.036,0.572,0.202,0.099,0.053,0.075,0.597,0.035,0.303,1.11,0.415,0.224,0.291,0.651,0.37,0.02,0.13,0.499,0.946,0.278
210,131,131,0.15,7.6342983,0.001,4.8146,0.001,0.162,0.469,0.414,0.329,0.013,1.303,0.369,0.013,1.303,0.369,76|40,1.303|1.236,0.556,0.907,0.018,0.544,0.459,0.95,0.057,0.1,0.036,0.083,0.342,0.701,0.552,0.591,0.056,0.021,0.198,0.627,0.632,1.027,0.668,0.191,0.661,0.473,0.47,0.152,0.942,0.383,0.144,0.601,0.633,0.37,1.195,1.172,0.018,0.067,0.277,0.033,0.303,0.642,1.236,0.049,0.082,0.287,0.698,0.143,0.287,0.132,0.507,0.717,0.637,0.244,0.072,0.26,0.04,0.282,0.092,0.634,0.349,0.293,0.064,0.169,0.772,0.754,0.077,0.032,0.029,0.106,0.408,0.025,0.714,0.213,0.344,0.139,0.734,0.25,1.303,0.526,0.049,0.396,0.031,0.685,0.052,0.064,0.238,0.033,0.169,0.04,0.185,0.739,0.712,0.043,0.013,0.556,0.028,0.026,0.651,0.715,0.378,0.27,0.024,1.135,0.57,0.423,0.02,0.345,0.087,0.551,0.553,0.02,0.091,0.033,0.573,0.196,0.101,0.035,0.074,0.597,0.03,0.316,1.104,0.424,0.231,0.269,0.654,0.361,0.02,0.132,0.478,0.957,0.281
220,131,131,0.115,7.6472464,0.001,4.8133154,0.001,0.128,0.469,0.414,0.329,0.013,1.309,0.373,0.013,1.309,0.373,76|40,1.309|1.268,0.583,0.913,0.05,0.567,0.476,0.959,0.055,0.102,0.038,0.086,0.35,0.719,0.532,0.58,0.063,0.02,0.213,0.625,0.627,1.05,0.662,0.195,0.665,0.473,0.481,0.176,0.957,0.385,0.141,0.616,0.634,0.371,1.224,1.158,0.02,0.053,0.277,0.038,0.32,0.649,1.268,0.041,0.069,0.288,0.724,0.121,0.313,0.131,0.514,0.699,0.652,0.257,0.089,0.286,0.05,0.272,0.082,0.621,0.308,0.274,0.049,0.195,0.768,0.761,0.07,0.038,0.029,0.105,0.412,0.026,0.691,0.21,0.351,0.163,0.747,0.277,1.309,0.518,0.049,0.415,0.052,0.705,0.038,0.064,0.239,0.031,0.177,0.037,0.2,0.76,0.72,0.037,0.013,0.561,0.024,0.028,0.671,0.744,0.381,0.274,0.035,1.16,0.569,0.435,0.015,0.36,0.084,0.556,0.557,0.018,0.095,0.032,0.578,0.195,0.107,0.062,0.066,0.594,0.035,0.303,1.109,0.431,0.228,0.276,0.658,0.371,0.018,0.133,0.487,0.954,0.295
230,131,131,0.133,7.633213,0.001,4.8125725,0.001,0.146,0.469,0.414,0.329,0.013,1.32,0.374,0.013,1.32,0.374,76|40,1.32|1.278,0.572,0.913,0.041,0.577,0.476,0.962,0.052,0.102,0.036,0.085,0.348,0.723,0.539,0.569,0.048,0.02,0.213,0.62,0.626,1.034,0.668,0.192,0.659,0.471,0.467,0.172,0.961,0.379,0.138,0.63,0.645,0.378,1.24,1.154,0.019,0.051,0.285,0.038,0.319,0.644,1.278,0.04,0.059,0.287,0.74,0.136,0.31,0.131,0.512,0.69,0.67,0.253,0.091,0.291,0.037,0.274,0.089,0.62,0.304,0.28,0.043,0.2,0.771,0.775,0.068,0.039,0.03,0.102,0.422,0.024,0.7,0.215,0.356,0.164,0.747,0.282,1.32,0.539,0.045,0.418,0.047,0.714,0.039,0.063,0.231,0.028,0.181,0.037,0.196,0.769,0.728,0.037,0.013,0.573,0.026,0.027,0.664,0.749,0.381,0.274,0.032,1.171,0.571,0.423,0.022,0.371,0.086,0.563,0.561,0.017,0.09,0.034,0.586,0.196,0.116,0.052,0.065,0.587,0.034,0.307,1.104,0.427,0.236,0.274,0.651,0.356,0.018,0.136,0.485,0.948,0.295
240,131,131,0.094,7.6278143,0.001,4.8112712,0.001,0.106,0.469,0.414,0.329,0.013,1.337,0.377,0.013,1.337,0.377,76|40,1.337|1.288,0.589,0.925,0.046,0.579,0.475,0.978,0.052,0.104,0.036,0.087,0.351,0.725,0.536,0.568,0.051,0.02,0.213,0.641,0.639,1.053,0.673,0.202,0.659,0.464,0.481,0.181,0.981,0.387,0.14,0.634,0.653,0.381,1.262,1.157,0.019,0.06,0.297,0.038,0.323,0.642,1.288,0.04,0.061,0.294,0.747,0.154,0.304,0.135,0.514,0.688,0.676,0.262,0.082,0.293,0.037,0.276,0.084,0.623,0.307,0.279,0.039,0.209,0.785,0.779,0.063,0.037,0.028,0.105,0.428,0.022,0.704,0.215,0.346,0.164,0.753,0.293,1.337,0.538,0.042,0.412,0.043,0.709,0.033,0.061,0.228,0.029,0.167,0.035,0.203,0.767,0.725,0.035,0.013,0.571,0.026,0.028,0.663,0.76,0.386,0.266,0.033,1.178,0.569,0.43,0.032,0.369,0.088,0.566,0.568,0.017,0.089,0.031,0.585,0.198,0.12,0.05,0.066,0.585,0.032,0.309,1.099,0.439,0.233,0.282,0.65,0.356,0.015,0.129,0.488,0.959,0.305
250,131,131,0.09,7.6150837,0.001,4.8104429,0.001,0.103,0.469,0.414,0.329,0.012,1.343,0.378,0.012,1.343,0.378,76|40,1.343|1.295,0.588,0.926,0.044,0.592,0.473,0.983,0.051,0.104,0.034,0.089,0.357,0.735,0.54,0.567,0.045,0.019,0.217,0.64,0.638,1.054,0.668,0.196,0.663,0.473,0.481,0.172,0.982,0.392,0.139,0.648,0.655,0.378,1.271,1.164,0.018,0.067,0.297,0.039,0.324,0.649,1.295,0.039,0.052,0.295,0.751,0.15,0.309,0.138,0.524,0.698,0.687,0.267,0.087,0.29,0.036,0.268,0.083,0.639,0.318,0.282,0.038,0.204,0.792,0.788,0.063,0.037,0.029,0.115,0.428,0.02,0.717,0.215,0.342,0.168,0.755,0.287,1.343,0.541,0.039,0.407,0.041,0.711,0.027,0.058,0.233,0.028,0.162,0.034,0.205,0.768,0.73,0.034,0.012,0.577,0.027,0.028,0.663,0.768,0.386,0.259,0.031,1.181,0.572,0.429,0.03,0.377,0.087,0.565,0.57,0.015,0.083,0.029,0.591,0.201,0.119,0.049,0.064,0.582,0.03,0.314,1.093,0.436,0.234,0.283,0.652,0.344,0.014,0.127,0.488,0.967,0.311
260,131,108,0.113,7.6078091,0.001,4.8097901,0.001,0.125,0.469,0.414,0.329,0.012,1.338,0.38,0.0,1.338,0.375,76|40,1.338|1.307,0.607,0.928,0.0,0.602,0.475,0.997,0.05,0.104,0.0,0.092,0.368,0.722,0.54,0.562,0.048,0.0,0.209,0.642,0.649,1.043,0.663,0.19,0.671,0.483,0.479,0.178,0.999,0.376,0.141,0.665,0.673,0.381,1.277,1.164,0.0,0.07,0.298,0.041,0.32,0.652,1.307,0.0,0.045,0.295,0.757,0.156,0.3,0.142,0.518,0.691,0.685,0.264,0.07,0.302,0.0,0.274,0.086,0.652,0.326,0.286,0.0,0.206,0.793,0.793,0.064,0.0,0.0,0.113,0.426,0.0,0.726,0.218,0.353,0.173,0.772,0.295,1.338,0.556,0.0,0.41,0.041,0.733,0.0,0.055,0.245,0.0,0.166,0.0,0.21,0.769,0.735,0.0,0.0,0.597,0.0,0.0,0.655,0.77,0.396,0.246,0.0,1.185,0.562,0.416,0.0,0.381,0.086,0.581,0.587,0.0,0.079,0.0,0.579,0.199,0.117,0.048,0.064,0.583,0.0,0.308,1.096,0.437,0.229,0.282,0.661,0.344,0.047,0.122,0.48,0.955,0.305
270,131,96,0.126,7.574604,0.001,4.80757,0.001,0.139,0.462,0.435,0.329,0.01,1.371,0.382,0.0,1.371,0.373,76|32,1.371|1.318,0.627,0.966,0.0,0.582,0.487,1.018,0.0,0.104,0.0,0.095,0.375,0.732,0.536,0.575,0.0,0.0,0.218,0.655,0.673,1.065,0.667,0.183,0.673,0.476,0.511,0.158,0.997,0.403,0.137,0.664,0.658,0.388,1.318,1.15,0.0,0.083,0.303,0.0,0.29,0.665,1.307,0.0,0.0,0.299,0.741,0.148,0.303,0.145,0.522,0.697,0.688,0.281,0.0,0.284,0.0,0.283,0.087,0.661,0.343,0.311,0.0,0.227,0.83,0.791,0.0,0.0,0.0,0.117,0.419,0.0,0.743,0.225,0.346,0.168,0.772,0.288,1.371,0.575,0.0,0.411,0.0,0.717,0.0,0.0,0.241,0.0,0.18,0.0,0.227,0.777,0.741,0.0,0.0,0.578,0.0,0.0,0.688,0.756,0.381,0.265,0.0,1.186,0.55,0.413,0.0,0.378,0.084,0.552,0.573,0.0,0.0,0.0,0.55,0.216,0.144,0.0,0.0,0.606,0.0,0.312,1.128,0.453,0.211,0.269,0.668,0.373,0.0,0.119,0.495,0.959,0.309
280,131,90,0.109,7.5480251,0.001,4.8058953,0.001,0.121,0.469,0.414,0.329,0.011,1.415,0.383,0.0,1.415,0.372,76|40,1.415|1.317,0.65,0.974,0.0,0.574,0.512,1.004,0.0,0.0,0.0,0.0,0.385,0.743,0.549,0.578,0.0,0.0,0.218,0.644,0.64,1.054,0.661,0.198,0.674,0.481,0.496,0.15,0.995,0.398,0.142,0.677,0.667,0.382,1.305,1.179,0.0,0.0,0.324,0.0,0.315,0.679,1.317,0.0,0.0,0.303,0.732,0.174,0.318,0.15,0.531,0.72,0.68,0.276,0.0,0.27,0.0,0.314,0.0,0.669,0.329,0.286,0.0,0.232,0.857,0.814,0.0,0.0,0.0,0.0,0.439,0.0,0.747,0.24,0.355,0.165,0.756,0.289,1.415,0.564,0.0,0.407,0.0,0.736,0.0,0.0,0.246,0.0,0.183,0.0,0.224,0.741,0.756,0.0,0.0,0.592,0.0,0.0,0.68,0.79,0.348,0.266,0.0,1.198,0.56,0.417,0.0,0.4,0.0,0.554,0.589,0.0,0.0,0.0,0.562,0.194,0.146,0.0,0.0,0.596,0.0,0.297,1.123,0.446,0.209,0.273,0.661,0.399,0.0,0.138,0.488,1.001,0.309
290,131,86,0.116,7.5187006,0.001,4.8045177,0.001,0.128,0.462,0.435,0.329,0.008,1.421,0.384,0.0,1.421,0.37,76|32,1.421|1.325,0.647,0.99,0.0,0.566,0.504,1.006,0.0,0.0,0.0,0.0,0.396,0.741,0.561,0.569,0.0,0.0,0.182,0.635,0.645,1.088,0.641,0.192,0.675,0.494,0.492,0.173,1.002,0.405,0.0,0.719,0.662,0.393,1.325,1.189,0.0,0.0,0.323,0.0,0.326,0.67,1.312,0.0,0.0,0.335,0.74,0.169,0.33,0.0,0.552,0.723,0.694,0.293,0.0,0.262,0.0,0.295,0.0,0.663,0.322,0.297,0.0,0.239,0.874,0.809,0.0,0.0,0.0,0.0,0.441,0.0,0.764,0.232,0.351,0.177,0.766,0.301,1.421,0.549,0.0,0.418,0.0,0.751,0.0,0.0,0.231,0.0,0.167,0.0,0.218,0.763,0.753,0.0,0.0,0.58,0.0,0.0,0.667,0.794,0.354,0.255,0.0,1.21,0.576,0.419,0.0,0.411,0.0,0.562,0.593,0.0,0.0,0.0,0.571,0.19,0.0,0.0,0.0,0.615,0.0,0.306,1.108,0.439,0.199,0.283,0.679,0.403,0.0,0.0,0.519,0.987,0.317
300,131,80,0.116,7.4303637,0.001,4.8004618,0.001,0.128,0.469,0.414,0.329,0.008,1.444,0.385,0.0,1.444,0.366,76|40,1.444|1.365,0.644,1.007,0.0,0.589,0.503,1.029,0.0,0.0,0.0,0.0,0.425,0.764,0.587,0.573,0.0,0.0,0.218,0.633,0.64,1.126,0.66,0.0,0.73,0.49,0.528,0.0,1.024,0.396,0.0,0.753,0.661,0.387,1.326,1.208,0.0,0.0,0.325,0.0,0.322,0.687,1.365,0.0,0.0,0.341,0.727,0.0,0.336,0.0,0.541,0.712,0.699,0.276,0.0,0.234,0.0,0.294,0.0,0.69,0.286,0.259,0.0,0.246,0.876,0.841,0.0,0.0,0.0,0.0,0.432,0.0,0.785,0.227,0.379,0.0,0.748,0.307,1.444,0.553,0.0,0.41,0.0,0.716,0.0,0.0,0.26,0.0,0.0,0.0,0.232,0.778,0.759,0.0,0.0,0.576,0.0,0.0,0.666,0.794,0.346,0.247,0.0,1.239,0.595,0.396,0.0,0.374,0.0,0.598,0.639,0.0,0.0,0.0,0.603,0.201,0.0,0.0,0.0,0.582,0.0,0.284,1.087,0.445,0.0,0.301,0.671,0.398,0.0,0.0,0.556,1.023,0.323
310,131,74,0.154,7.3752089,0.001,4.7999706,0.001,0.166,0.469,0.414,0.329,0.009,1.469,0.381,0.0,1.469,0.355,76|40,1.469|1.341,0.661,0.984,0.0,0.591,0.493,1.02,0.0,0.0,0.0,0.0,0.425,0.746,0.565,0.556,0.0,0.0,0.0,0.642,0.67,1.088,0.643,0.0,0.745,0.451,0.525,0.0,0.988,0.381,0.0,0.744,0.653,0.391,1.334,1.215,0.0,0.0,0.315,0.0,0.343,0.652,1.341,0.0,0.0,0.312,0.757,0.0,0.35,0.0,0.569,0.737,0.699,0.271,0.0,0.0,0.0,0.309,0.0,0.725,0.311,0.304,0.0,0.0,0.856,0.846,0.0,0.0,0.0,0.0,0.459,0.0,0.774,0.251,0.382,0.0,0.737,0.301,1.469,0.542,0.0,0.379,0.0,0.68,0.0,0.0,0.0,0.0,0.0,0.0,0.0,0.785,0.736,0.0,0.0,0.58,0.0,0.0,0.694,0.813,0.347,0.274,0.0,1.227,0.581,0.403,0.0,0.403,0.0,0.538,0.607,0.0,0.0,0.0,0.608,0.0,0.0,0.0,0.0,0.563,0.0,0.262,1.135,0.481,0.0,0.286,0.674,0.373,0.0,0.0,0.568,0.989,0.33
320,131,68,0.219,7.282795,0.001,4.7952547,0.001,0.231,0.462,0.435,0.329,0.005,1.448,0.383,0.0,1.448,0.349,76|32,1.448|1.383,0.668,1.032,0.0,0.623,0.522,1.082,0.0,0.0,0.0,0.0,0.448,0.732,0.581,0.53,0.0,0.0,0.0,0.647,0.627,1.174,0.638,0.0,0.764,0.492,0.519,0.0,1.014,0.402,0.0,0.73,0.638,0.392,1.383,1.178,0.0,0.0,0.355,0.0,0.369,0.67,1.367,0.0,0.0,0.29,0.732,0.0,0.383,0.0,0.551,0.815,0.705,0.0,0.0,0.0,0.0,0.337,0.0,0.689,0.338,0.0,0.0,0.0,0.929,0.867,0.0,0.0,0.0,0.0,0.462,0.0,0.855,0.0,0.41,0.0,0.751,0.0,1.448,0.533,0.0,0.38,0.0,0.698,0.0,0.0,0.0,0.0,0.0,0.0,0.0,0.821,0.736,0.0,0.0,0.616,0.0,0.0,0.693,0.826,0.345,0.299,0.0,1.262,0.555,0.398,0.0,0.388,0.0,0.609,0.637,0.0,0.0,0.0,0.626,0.0,0.0,0.0,0.0,0.577,0.0,0.0,1.126,0.449,0.0,0.0,0.675,0.37,0.0,0.0,0.566,1.035,0.352
330,131,67,0.144,7.2434607,0.001,4.7973437,0.001,0.156,0.462,0.435,0.329,0.005,1.455,0.375,0.0,1.455,0.342,76|32,1.455|1.355,0.712,1.038,0.0,0.599,0.538,1.094,0.0,0.0,0.0,0.0,0.452,0.717,0.532,0.563,0.0,0.0,0.0,0.601,0.622,1.099,0.665,0.0,0.714,0.491,0.485,0.0,1.012,0.43,0.0,0.715,0.59,0.411,1.355,1.093,0.0,0.0,0.362,0.0,0.329,0.687,1.312,0.0,0.0,0.0,0.712,0.0,0.349,0.0,0.551,0.757,0.737,0.0,0.0,0.0,0.0,0.376,0.0,0.643,0.354,0.0,0.0,0.0,0.949,0.788,0.0,0.0,0.0,0.0,0.471,0.0,0.892,0.0,0.373,0.0,0.806,0.0,1.455,0.571,0.0,0.379,0.0,0.71,0.0,0.0,0.0,0.0,0.0,0.0,0.0,0.79,0.715,0.0,0.0,0.549,0.0,0.0,0.726,0.758,0.334,0.323,0.0,1.285,0.562,0.463,0.0,0.404,0.0,0.601,0.623,0.0,0.0,0.0,0.577,0.0,0.0,0.0,0.0,0.593,0.0,0.0,1.128,0.367,0.0,0.0,0.658,0.407,0.0,0.0,0.524,0.984,0.338
340,131,60,0.316,7.2020311,0.001,4.7926931,0.001,0.328,0.462,0.435,0.329,0.006,1.527,0.382,0.0,1.527,0.334,76|32,1.527|1.368,0.69,1.087,0.0,0.654,0.672,1.054,0.0,0.0,0.0,0.0,0.469,0.74,0.578,0.587,0.0,0.0,0.0,0.635,0.688,1.084,0.622,0.0,0.827,0.464,0.521,0.0,1.012,0.47,0.0,0.752,0.576,0.0,1.368,1.155,0.0,0.0,0.436,0.0,0.0,0.69,1.331,0.0,0.0,0.0,0.78,0.0,0.0,0.0,0.625,0.805,0.725,0.0,0.0,0.0,0.0,0.407,0.0,0.605,0.395,0.0,0.0,0.0,0.922,0.872,0.0,0.0,0.0,0.0,0.505,0.0,0.9,0.0,0.399,0.0,0.738,0.0,1.527,0.609,0.0,0.41,0.0,0.741,0.0,0.0,0.0,0.0,0.0,0.0,0.0,0.833,0.748,0.0,0.0,0.596,0.0,0.0,0.75,0.765,0.0,0.0,0.0,1.307,0.619,0.488,0.0,0.0,0.0,0.601,0.692,0.0,0.0,0.0,0.556,0.0,0.0,0.0,0.0,0.599,0.0,0.0,1.145,0.376,0.0,0.0,0.61,0.406,0.0,0.0,0.572,0.971,0.0
350,131,56,0.238,7.09865,0.001,4.7877574,0.001,0.25,0.462,0.435,0.329,0.006,1.58,0.379,0.0,1.58,0.324,76|32,1.58|1.483,0.678,1.084,0.0,0.588,0.7,1.024,0.0,0.0,0.0,0.0,0.426,0.698,0.63,0.649,0.0,0.0,0.0,0.696,0.661,1.125,0.545,0.0,0.826,0.484,0.501,0.0,1.026,0.0,0.0,0.807,0.529,0.0,1.483,1.099,0.0,0.0,0.447,0.0,0.0,0.697,1.272,0.0,0.0,0.0,0.784,0.0,0.0,0.0,0.602,0.827,0.732,0.0,0.0,0.0,0.0,0.45,0.0,0.581,0.421,0.0,0.0,0.0,0.871,0.895,0.0,0.0,0.0,0.0,0.476,0.0,0.989,0.0,0.0,0.0,0.711,0.0,1.58,0.598,0.0,0.0,0.0,0.806,0.0,0.0,0.0,0.0,0.0,0.0,0.0,0.904,0.804,0.0,0.0,0.538,0.0,0.0,0.692,0.735,0.0,0.0,0.0,1.323,0.59,0.543,0.0,0.0,0.0,0.578,0.651,0.0,0.0,0.0,0.556,0.0,0.0,0.0,0.0,0.6,0.0,0.0,1.176,0.0,0.0,0.0,0.709,0.436,0.0,0.0,0.599,1.015,0.0
360,131,54,0.193,7.0543261,0.001,4.7889614,0.001,0.205,0.462,0.435,0.329,0.006,1.562,0.372,0.0,1.562,0.315,76|32,1.562|1.476,0.666,1.1,0.0,0.598,0.686,1.089,0.0,0.0,0.0,0.0,0.462,0.753,0.635,0.63,0.0,0.0,0.0,0.691,0.634,1.069,0.593,0.0,0.717,0.467,0.479,0.0,1.012,0.0,0.0,0.828,0.536,0.0,1.476,1.041,0.0,0.0,0.446,0.0,0.0,0.688,1.232,0.0,0.0,0.0,0.83,0.0,0.0,0.0,0.57,0.763,0.755,0.0,0.0,0.0,0.0,0.466,0.0,0.6,0.0,0.0,0.0,0.0,0.893,0.936,0.0,0.0,0.0,0.0,0.506,0.0,0.975,0.0,0.0,0.0,0.701,0.0,1.562,0.59,0.0,0.0,0.0,0.728,0.0,0.0,0.0,0.0,0.0,0.0,0.0,0.844,0.717,0.0,0.0,0.534,0.0,0.0,0.723,0.837,0.0,0.0,0.0,1.339,0.643,0.535,0.0,0.0,0.0,0.586,0.634,0.0,0.0,0.0,0.511,0.0,0.0,0.0,0.0,0.612,0.0,0.0,1.117,0.0,0.0,0.0,0.725,0.0,0.0,0.0,0.543,0.988,0.0
370,131,45,0.423,7.0083523,0,4.7923903,0,0.423,0.462,0.435,0.329,0.011,1.468,0.363,0.0,1.468,0.278,76|32,1.468|1.403,0.694,1.075,0.0,0.573,0.6,1.001,0.0,0.0,0.0,0.0,0.0,0.721,0.0,0.624,0.0,0.0,0.0,0.714,0.644,1.049,0.0,0.0,0.754,0.0,0.0,0.0,1.031,0.0,0.0,1.042,0.0,0.0,1.403,1.048,0.0,0.0,0.528,0.0,0.0,0.678,1.24,0.0,0.0,0.0,0.923,0.0,0.0,0.0,0.553,0.722,0.765,0.0,0.0,0.0,0.0,0.0,0.0,0.582,0.0,0.0,0.0,0.0,0.866,0.985,0.0,0.0,0.0,0.0,0.0,0.0,1.037,0.0,0.0,0.0,0.72,0.0,1.468,0.637,0.0,0.0,0.0,0.699,0.0,0.0,0.0,0.0,0.0,0.0,0.0,0.882,0.745,0.0,0.0,0.53,0.0,0.0,0.826,0.799,0.0,0.0,0.0,1.238,0.6,0.51,0.0,0.0,0.0,0.514,0.612,0.0,0.0,0.0,0.531,0.0,0.0,0.0,0.0,0.618,0.0,0.0,1.054,0.0,0.0,0.0,0.719,0.0,0.0,0.0,0.0,0.919,0.0
380,131,37,0.427,6.8727903,0,4.7898555,0,0.427,0.462,0.435,0.329,0.01,1.471,0.351,0.0,1.471,0.244,32|76,1.471|1.353,0.602,1.028,0.0,0.0,0.0,0.974,0.0,0.0,0.0,0.0,0.0,0.858,0.0,0.8,0.0,0.0,0.0,0.692,0.55,1.091,0.0,0.0,0.775,0.0,0.0,0.0,0.989,0.0,0.0,0.964,0.0,0.0,1.471,1.049,0.0,0.0,0.568,0.0,0.0,0.694,1.335,0.0,0.0,0.0,0.871,0.0,0.0,0.0,0.0,0.562,0.848,0.0,0.0,0.0,0.0,0.0,0.0,0.593,0.0,0.0,0.0,0.0,0.92,0.896,0.0,0.0,0.0,0.0,0.0,0.0,1.033,0.0,0.0,0.0,0.746,0.0,1.353,0.633,0.0,0.0,0.0,0.0,0.0,0.0,0.0,0.0,0.0,0.0,0.0,0.859,0.659,0.0,0.0,0.0,0.0,0.0,0.97,0.788,0.0,0.0,0.0,1.177,0.0,0.591,0.0,0.0,0.0,0.615,0.0,0.0,0.0,0.0,0.0,0.0,0.0,0.0,0.0,0.534,0.0,0.0,1.181,0.0,0.0,0.0,0.619,0.0,0.0,0.0,0.0,1.115,0.0
390,131,34,0.357,6.7672038,0,4.7892847,0,0.357,0.542,0.45,0.42,0.01,1.447,0.339,0.0,1.447,0.229,32|40,1.447|1.358,0.0,1.086,0.0,0.0,0.0,1.021,0.0,0.0,0.0,0.0,0.0,0.907,0.0,0.661,0.0,0.0,0.0,0.569,0.704,0.953,0.0,0.0,0.812,0.0,0.0,0.0,0.907,0.0,0.0,0.886,0.0,0.0,1.447,1.029,0.0,0.0,0.0,0.0,0.0,0.661,1.358,0.0,0.0,0.0,0.925,0.0,0.0,0.0,0.0,0.639,0.825,0.0,0.0,0.0,0.0,0.0,0.0,0.597,0.0,0.0,0.0,0.0,0.833,0.878,0.0,0.0,0.0,0.0,0.0,0.0,1.102,0.0,0.0,0.0,0.726,0.0,1.325,0.665,0.0,0.0,0.0,0.0,0.0,0.0,0.0,0.0,0.0,0.0,0.0,0.831,0.583,0.0,0.0,0.0,0.0,0.0,1.04,0.693,0.0,0.0,0.0,1.244,0.0,0.682,0.0,0.0,0.0,0.601,0.0,0.0,0.0,0.0,0.0,0.0,0.0,0.0,0.0,0.0,0.0,0.0,1.222,0.0,0.0,0.0,0.534,0.0,0.0,0.0,0.0,1.08,0.0
400,131,34,0.249,6.7065887,0,4.7844291,0,0.249,0.542,0.45,0.42,0.01,1.461,0.341,0.0,1.461,0.234,32|40,1.461|1.399,0.0,1.179,0.0,0.0,0.0,1.061,0.0,0.0,0.0,0.0,0.0,0.912,0.0,0.663,0.0,0.0,0.0,0.546,0.709,1.02,0.0,0.0,0.813,0.0,0.0,0.0,0.968,0.0,0.0,0.909,0.0,0.0,1.461,1.088,0.0,0.0,0.0,0.0,0.0,0.648,1.399,0.0,0.0,0.0,0.937,0.0,0.0,0.0,0.0,0.706,0.826,0.0,0.0,0.0,0.0,0.0,0.0,0.633,0.0,0.0,0.0,0.0,0.886,0.884,0.0,0.0,0.0,0.0,0.0,0.0,1.081,0.0,0.0,0.0,0.681,0.0,1.365,0.689,0.0,0.0,0.0,0.0,0.0,0.0,0.0,0.0,0.0,0.0,0.0,0.775,0.651,0.0,0.0,0.0,0.0,0.0,1.034,0.705,0.0,0.0,0.0,1.258,0.0,0.661,0.0,0.0,0.0,0.621,0.0,0.0,0.0,0.0,0.0,0.0,0.0,0.0,0.0,0.0,0.0,0.0,1.234,0.0,0.0,0.0,0.522,0.0,0.0,0.0,0.0,1.079,0.0
410,131,34,0.202,6.680203,0,4.7825642,0,0.202,0.542,0.45,0.42,0.01,1.47,0.341,0.0,1.47,0.235,32|40,1.47|1.43,0.0,1.178,0.0,0.0,0.0,1.054,0.0,0.0,0.0,0.0,0.0,0.922,0.0,0.664,0.0,0.0,0.0,0.519,0.719,1.044,0.0,0.0,0.768,0.0,0.0,0.0,0.99,0.0,0.0,0.906,0.0,0.0,1.47,1.104,0.0,0.0,0.0,0.0,0.0,0.628,1.43,0.0,0.0,0.0,0.952,0.0,0.0,0.0,0.0,0.707,0.842,0.0,0.0,0.0,0.0,0.0,0.0,0.673,0.0,0.0,0.0,0.0,0.903,0.886,0.0,0.0,0.0,0.0,0.0,0.0,1.101,0.0,0.0,0.0,0.7,0.0,1.418,0.687,0.0,0.0,0.0,0.0,0.0,0.0,0.0,0.0,0.0,0.0,0.0,0.799,0.65,0.0,0.0,0.0,0.0,0.0,1.002,0.693,0.0,0.0,0.0,1.238,0.0,0.649,0.0,0.0,0.0,0.616,0.0,0.0,0.0,0.0,0.0,0.0,0.0,0.0,0.0,0.0,0.0,0.0,1.201,0.0,0.0,0.0,0.52,0.0,0.0,0.0,0.0,1.089,0.0
420,131,33,0.199,6.6602879,0,4.7782893,0,0.199,0.542,0.45,0.42,0.01,1.491,0.346,0.0,1.491,0.234,32|40,1.491|1.475,0.0,1.19,0.0,0.0,0.0,1.062,0.0,0.0,0.0,0.0,0.0,0.903,0.0,0.656,0.0,0.0,0.0,0.0,0.714,1.154,0.0,0.0,0.794,0.0,0.0,0.0,1.029,0.0,0.0,0.898,0.0,0.0,1.491,1.122,0.0,0.0,0.0,0.0,0.0,0.645,1.475,0.0,0.0,0.0,0.966,0.0,0.0,0.0,0.0,0.711,0.859,0.0,0.0,0.0,0.0,0.0,0.0,0.697,0.0,0.0,0.0,0.0,0.955,0.884,0.0,0.0,0.0,0.0,0.0,0.0,1.123,0.0,0.0,0.0,0.703,0.0,1.45,0.676,0.0,0.0,0.0,0.0,0.0,0.0,0.0,0.0,0.0,0.0,0.0,0.802,0.685,0.0,0.0,0.0,0.0,0.0,1.021,0.673,0.0,0.0,0.0,1.269,0.0,0.666,0.0,0.0,0.0,0.631,0.0,0.0,0.0,0.0,0.0,0.0,0.0,0.0,0.0,0.0,0.0,0.0,1.193,0.0,0.0,0.0,0.518,0.0,0.0,0.0,0.0,1.076,0.0
430,131,33,0.16,6.651341,0,4.775198,0,0.16,0.542,0.45,0.42,0.01,1.515,0.35,0.0,1.515,0.238,32|40,1.515|1.498,0.0,1.189,0.0,0.0,0.0,1.084,0.0,0.0,0.0,0.0,0.0,0.913,0.0,0.647,0.0,0.0,0.0,0.0,0.706,1.155,0.0,0.0,0.808,0.0,0.0,0.0,1.059,0.0,0.0,0.914,0.0,0.0,1.515,1.12,0.0,0.0,0.0,0.0,0.0,0.653,1.498,0.0,0.0,0.0,0.985,0.0,0.0,0.0,0.0,0.714,0.866,0.0,0.0,0.0,0.0,0.0,0.0,0.704,0.0,0.0,0.0,0.0,0.957,0.893,0.0,0.0,0.0,0.0,0.0,0.0,1.159,0.0,0.0,0.0,0.717,0.0,1.496,0.693,0.0,0.0,0.0,0.0,0.0,0.0,0.0,0.0,0.0,0.0,0.0,0.833,0.729,0.0,0.0,0.0,0.0,0.0,0.996,0.675,0.0,0.0,0.0,1.272,0.0,0.69,0.0,0.0,0.0,0.666,0.0,0.0,0.0,0.0,0.0,0.0,0.0,0.0,0.0,0.0,0.0,0.0,1.195,0.0,0.0,0.0,0.534,0.0,0.0,0.0,0.0,1.081,0.0
440,131,33,0.137,6.6492004,0,4.7734923,0,0.137,0.462,0.435,0.329,0.01,1.537,0.352,0.0,1.537,0.239,32|76,1.537|1.505,0.0,1.2,0.0,0.0,0.0,1.116,0.0,0.0,0.0,0.0,0.0,0.93,0.0,0.647,0.0,0.0,0.0,0.0,0.697,1.173,0.0,0.0,0.821,0.0,0.0,0.0,1.085,0.0,0.0,0.904,0.0,0.0,1.537,1.128,0.0,0.0,0.0,0.0,0.0,0.649,1.498,0.0,0.0,0.0,1.006,0.0,0.0,0.0,0.0,0.715,0.874,0.0,0.0,0.0,0.0,0.0,0.0,0.716,0.0,0.0,0.0,0.0,0.961,0.893,0.0,0.0,0.0,0.0,0.0,0.0,1.155,0.0,0.0,0.0,0.729,0.0,1.505,0.702,0.0,0.0,0.0,0.0,0.0,0.0,0.0,0.0,0.0,0.0,0.0,0.848,0.73,0.0,0.0,0.0,0.0,0.0,1.008,0.668,0.0,0.0,0.0,1.265,0.0,0.722,0.0,0.0,0.0,0.663,0.0,0.0,0.0,0.0,0.0,0.0,0.0,0.0,0.0,0.0,0.0,0.0,1.201,0.0,0.0,0.0,0.552,0.0,0.0,0.0,0.0,1.076,0.0
450,131,33,0.12,6.6489391,0,4.7723093,0,0.12,0.462,0.435,0.329,0.01,1.552,0.354,0.0,1.552,0.241,32|76,1.552|1.507,0.0,1.216,0.0,0.0,0.0,1.119,0.0,0.0,0.0,0.0,0.0,0.951,0.0,0.653,0.0,0.0,0.0,0.0,0.68,1.171,0.0,0.0,0.833,0.0,0.0,0.0,1.095,0.0,0.0,0.904,0.0,0.0,1.552,1.132,0.0,0.0,0.0,0.0,0.0,0.651,1.507,0.0,0.0,0.0,1.005,0.0,0.0,0.0,0.0,0.73,0.878,0.0,0.0,0.0,0.0,0.0,0.0,0.728,0.0,0.0,0.0,0.0,0.952,0.897,0.0,0.0,0.0,0.0,0.0,0.0,1.161,0.0,0.0,0.0,0.741,0.0,1.507,0.708,0.0,0.0,0.0,0.0,0.0,0.0,0.0,0.0,0.0,0.0,0.0,0.848,0.748,0.0,0.0,0.0,0.0,0.0,1.009,0.677,0.0,0.0,0.0,1.269,0.0,0.729,0.0,0.0,0.0,0.665,0.0,0.0,0.0,0.0,0.0,0.0,0.0,0.0,0.0,0.0,0.0,0.0,1.203,0.0,0.0,0.0,0.562,0.0,0.0,0.0,0.0,1.078,0.0
460,131,33,0.107,6.6509666,0,4.7716665,0,0.107,0.462,0.435,0.329,0.01,1.563,0.355,0.0,1.563,0.242,32|76,1.563|1.511,0.0,1.215,0.0,0.0,0.0,1.123,0.0,0.0,0.0,0.0,0.0,0.959,0.0,0.654,0.0,0.0,0.0,0.0,0.667,1.168,0.0,0.0,0.841,0.0,0.0,0.0,1.106,0.0,0.0,0.901,0.0,0.0,1.563,1.128,0.0,0.0,0.0,0.0,0.0,0.662,1.511,0.0,0.0,0.0,1.013,0.0,0.0,0.0,0.0,0.748,0.874,0.0,0.0,0.0,0.0,0.0,0.0,0.73,0.0,0.0,0.0,0.0,0.941,0.893,0.0,0.0,0.0,0.0,0.0,0.0,1.163,0.0,0.0,0.0,0.745,0.0,1.511,0.726,0.0,0.0,0.0,0.0,0.0,0.0,0.0,0.0,0.0,0.0,0.0,0.856,0.766,0.0,0.0,0.0,0.0,0.0,1.011,0.681,0.0,0.0,0.0,1.276,0.0,0.732,0.0,0.0,0.0,0.673,0.0,0.0,0.0,0.0,0.0,0.0,0.0,0.0,0.0,0.0,0.0,0.0,1.195,0.0,0.0,0.0,0.581,0.0,0.0,0.0,0.0,1.079,0.0
470,131,33,0.097,6.651062,0,4.7707572,0,0.097,0.462,0.435,0.329,0.01,1.575,0.357,0.0,1.575,0.243,32|76,1.575|1.517,0.0,1.22,0.0,0.0,0.0,1.133,0.0,0.0,0.0,0.0,0.0,0.962,0.0,0.653,0.0,0.0,0.0,0.0,0.668,1.168,0.0,0.0,0.847,0.0,0.0,0.0,1.116,0.0,0.0,0.902,0.0,0.0,1.575,1.124,0.0,0.0,0.0,0.0,0.0,0.67,1.515,0.0,0.0,0.0,1.021,0.0,0.0,0.0,0.0,0.763,0.875,0.0,0.0,0.0,0.0,0.0,0.0,0.73,0.0,0.0,0.0,0.0,0.931,0.89,0.0,0.0,0.0,0.0,0.0,0.0,1.17,0.0,0.0,0.0,0.758,0.0,1.517,0.736,0.0,0.0,0.0,0.0,0.0,0.0,0.0,0.0,0.0,0.0,0.0,0.866,0.782,0.0,0.0,0.0,0.0,0.0,1.012,0.681,0.0,0.0,0.0,1.275,0.0,0.731,0.0,0.0,0.0,0.674,0.0,0.0,0.0,0.0,0.0,0.0,0.0,0.0,0.0,0.0,0.0,0.0,1.19,0.0,0.0,0.0,0.594,0.0,0.0,0.0,0.0,1.092,0.0
480,131,33,0.088,6.6515346,0,4.7699556,0,0.088,0.542,0.45,0.42,0.01,1.585,0.358,0.0,1.585,0.244,32|40,1.585|1.524,0.0,1.229,0.0,0.0,0.0,1.139,0.0,0.0,0.0,0.0,0.0,0.956,0.0,0.658,0.0,0.0,0.0,0.0,0.665,1.166,0.0,0.0,0.847,0.0,0.0,0.0,1.124,0.0,0.0,0.905,0.0,0.0,1.585,1.125,0.0,0.0,0.0,0.0,0.0,0.674,1.524,0.0,0.0,0.0,1.028,0.0,0.0,0.0,0.0,0.774,0.875,0.0,0.0,0.0,0.0,0.0,0.0,0.732,0.0,0.0,0.0,0.0,0.921,0.888,0.0,0.0,0.0,0.0,0.0,0.0,1.176,0.0,0.0,0.0,0.765,0.0,1.517,0.748,0.0,0.0,0.0,0.0,0.0,0.0,0.0,0.0,0.0,0.0,0.0,0.868,0.796,0.0,0.0,0.0,0.0,0.0,1.013,0.684,0.0,0.0,0.0,1.276,0.0,0.735,0.0,0.0,0.0,0.672,0.0,0.0,0.0,0.0,0.0,0.0,0.0,0.0,0.0,0.0,0.0,0.0,1.19,0.0,0.0,0.0,0.604,0.0,0.0,0.0,0.0,1.1,0.0
490,131,33,0.082,6.651803,0,4.7696099,0,0.082,0.542,0.45,0.42,0.01,1.594,0.359,0.0,1.594,0.244,32|40,1.594|1.523,0.0,1.232,0.0,0.0,0.0,1.14,0.0,0.0,0.0,0.0,0.0,0.95,0.0,0.662,0.0,0.0,0.0,0.0,0.659,1.164,0.0,0.0,0.848,0.0,0.0,0.0,1.126,0.0,0.0,0.91,0.0,0.0,1.594,1.128,0.0,0.0,0.0,0.0,0.0,0.682,1.523,0.0,0.0,0.0,1.03,0.0,0.0,0.0,0.0,0.783,0.876,0.0,0.0,0.0,0.0,0.0,0.0,0.732,0.0,0.0,0.0,0.0,0.921,0.889,0.0,0.0,0.0,0.0,0.0,0.0,1.177,0.0,0.0,0.0,0.776,0.0,1.519,0.752,0.0,0.0,0.0,0.0,0.0,0.0,0.0,0.0,0.0,0.0,0.0,0.87,0.796,0.0,0.0,0.0,0.0,0.0,1.01,0.69,0.0,0.0,0.0,1.276,0.0,0.737,0.0,0.0,0.0,0.667,0.0,0.0,0.0,0.0,0.0,0.0,0.0,0.0,0.0,0.0,0.0,0.0,1.186,0.0,0.0,0.0,0.609,0.0,0.0,0.0,0.0,1.105,0.0
