epoch,l0_cw,l0_s,mse_loss,l1_loss,lambda_value,loss,oa,aa,k,min_cw,max_cw,avg_cw,min_s,max_s,avg_s,selected_bands,selected_weights,weight_0,weight_1,weight_2,weight_3,weight_4,weight_5,weight_6,weight_7,weight_8,weight_9,weight_10,weight_11,weight_12,weight_13,weight_14,weight_15,weight_16,weight_17,weight_18,weight_19,weight_20,weight_21,weight_22,weight_23,weight_24,weight_25,weight_26,weight_27,weight_28,weight_29,weight_30,weight_31,weight_32,weight_33,weight_34,weight_35,weight_36,weight_37,weight_38,weight_39,weight_40,weight_41,weight_42,weight_43,weight_44,weight_45,weight_46,weight_47,weight_48,weight_49,weight_50,weight_51,weight_52,weight_53,weight_54,weight_55,weight_56,weight_57,weight_58,weight_59,weight_60,weight_61,weight_62,weight_63,weight_64,weight_65,weight_66,weight_67,weight_68,weight_69,weight_70,weight_71,weight_72,weight_73,weight_74,weight_75,weight_76,weight_77,weight_78,weight_79,weight_80,weight_81,weight_82,weight_83,weight_84,weight_85,weight_86,weight_87,weight_88,weight_89,weight_90,weight_91,weight_92,weight_93,weight_94,weight_95,weight_96,weight_97,weight_98,weight_99,weight_100,weight_101,weight_102,weight_103,weight_104,weight_105,weight_106,weight_107,weight_108,weight_109,weight_110,weight_111,weight_112,weight_113,weight_114,weight_115,weight_116,weight_117,weight_118,weight_119,weight_120,weight_121,weight_122,weight_123,weight_124,weight_125,weight_126,weight_127,weight_128,weight_129,weight_130
0,131,131,2.07,8.7420273,0.005,2.113,0.474,0.373,0.329,0.008,0.201,0.074,0.008,0.201,0.074,119|120,0.201|0.193,0.062,0.066,0.07,0.045,0.066,0.086,0.038,0.105,0.11,0.026,0.047,0.143,0.147,0.043,0.017,0.081,0.07,0.029,0.062,0.073,0.028,0.037,0.038,0.053,0.067,0.035,0.04,0.023,0.054,0.034,0.075,0.085,0.18,0.051,0.033,0.046,0.116,0.035,0.029,0.035,0.114,0.09,0.088,0.087,0.077,0.122,0.037,0.057,0.032,0.105,0.036,0.097,0.101,0.035,0.039,0.115,0.041,0.055,0.087,0.03,0.09,0.037,0.092,0.04,0.044,0.028,0.049,0.065,0.171,0.174,0.036,0.157,0.011,0.185,0.113,0.129,0.008,0.037,0.073,0.101,0.035,0.059,0.044,0.047,0.094,0.108,0.026,0.11,0.021,0.068,0.025,0.087,0.033,0.151,0.031,0.038,0.095,0.087,0.112,0.111,0.082,0.156,0.028,0.039,0.147,0.02,0.048,0.017,0.045,0.165,0.047,0.035,0.02,0.155,0.046,0.119,0.166,0.098,0.013,0.201,0.193,0.029,0.093,0.157,0.056,0.097,0.076,0.075,0.093,0.156,0.114
10,131,131,0.804,8.2919941,0.005,0.845,0.463,0.369,0.315,0.011,0.818,0.213,0.011,0.818,0.213,120|129,0.818|0.665,0.416,0.463,0.145,0.023,0.167,0.32,0.051,0.068,0.011,0.081,0.111,0.464,0.339,0.349,0.339,0.153,0.242,0.374,0.32,0.414,0.397,0.19,0.377,0.336,0.289,0.037,0.217,0.199,0.13,0.061,0.262,0.18,0.211,0.37,0.128,0.013,0.214,0.107,0.032,0.352,0.608,0.048,0.169,0.096,0.362,0.261,0.092,0.059,0.285,0.531,0.104,0.212,0.011,0.016,0.044,0.282,0.189,0.416,0.199,0.321,0.218,0.023,0.02,0.418,0.078,0.097,0.167,0.092,0.022,0.015,0.097,0.175,0.209,0.236,0.286,0.354,0.278,0.184,0.242,0.414,0.032,0.389,0.052,0.089,0.043,0.085,0.139,0.075,0.027,0.208,0.255,0.086,0.098,0.198,0.074,0.151,0.329,0.43,0.263,0.331,0.051,0.541,0.325,0.103,0.344,0.146,0.05,0.394,0.18,0.025,0.262,0.148,0.413,0.216,0.163,0.012,0.083,0.25,0.042,0.185,0.818,0.3,0.325,0.222,0.34,0.133,0.058,0.204,0.418,0.665,0.186
20,131,131,0.653,8.0583735,0.005,0.694,0.463,0.369,0.315,0.01,0.986,0.254,0.01,0.986,0.254,120|129,0.986|0.813,0.404,0.639,0.112,0.022,0.196,0.33,0.059,0.052,0.017,0.185,0.236,0.579,0.538,0.426,0.402,0.146,0.227,0.392,0.458,0.581,0.481,0.211,0.51,0.443,0.412,0.047,0.231,0.301,0.172,0.151,0.263,0.219,0.359,0.565,0.134,0.038,0.13,0.033,0.101,0.446,0.738,0.02,0.135,0.092,0.458,0.239,0.142,0.057,0.36,0.679,0.149,0.212,0.014,0.021,0.051,0.354,0.249,0.538,0.296,0.355,0.193,0.123,0.027,0.516,0.063,0.068,0.206,0.17,0.125,0.014,0.145,0.159,0.219,0.209,0.443,0.404,0.516,0.223,0.264,0.418,0.032,0.433,0.02,0.089,0.025,0.059,0.207,0.041,0.014,0.274,0.221,0.074,0.05,0.223,0.172,0.022,0.372,0.471,0.302,0.433,0.036,0.779,0.373,0.121,0.379,0.245,0.047,0.477,0.225,0.025,0.297,0.102,0.461,0.285,0.058,0.01,0.036,0.302,0.035,0.212,0.986,0.286,0.375,0.255,0.411,0.209,0.103,0.222,0.468,0.813,0.204
30,131,131,0.566,7.8774614,0.005,0.606,0.458,0.372,0.31,0.009,1.089,0.276,0.009,1.089,0.276,120|101,1.089|0.963,0.435,0.704,0.019,0.026,0.194,0.359,0.028,0.041,0.017,0.227,0.23,0.592,0.624,0.507,0.374,0.117,0.177,0.423,0.499,0.658,0.531,0.196,0.538,0.478,0.48,0.04,0.295,0.395,0.188,0.255,0.267,0.239,0.464,0.726,0.136,0.015,0.138,0.016,0.08,0.473,0.79,0.053,0.141,0.126,0.465,0.236,0.147,0.056,0.422,0.735,0.131,0.202,0.012,0.022,0.051,0.386,0.238,0.609,0.364,0.376,0.198,0.167,0.036,0.617,0.062,0.066,0.174,0.151,0.182,0.04,0.183,0.169,0.236,0.22,0.502,0.355,0.615,0.231,0.253,0.407,0.036,0.547,0.016,0.079,0.049,0.032,0.197,0.032,0.014,0.439,0.213,0.061,0.043,0.278,0.14,0.023,0.461,0.558,0.298,0.45,0.064,0.963,0.407,0.177,0.413,0.159,0.038,0.594,0.17,0.014,0.295,0.131,0.485,0.301,0.06,0.009,0.038,0.364,0.032,0.256,1.089,0.29,0.337,0.234,0.415,0.242,0.111,0.233,0.482,0.891,0.241
40,131,131,0.498,7.7086258,0.005,0.537,0.458,0.372,0.31,0.008,1.144,0.291,0.008,1.144,0.291,120|101,1.144|1.111,0.447,0.814,0.008,0.023,0.235,0.384,0.028,0.047,0.02,0.244,0.176,0.656,0.678,0.566,0.359,0.074,0.196,0.443,0.486,0.733,0.579,0.185,0.574,0.467,0.516,0.037,0.335,0.455,0.166,0.295,0.285,0.261,0.551,0.828,0.152,0.013,0.128,0.012,0.025,0.502,0.82,0.086,0.128,0.15,0.505,0.186,0.16,0.055,0.461,0.734,0.161,0.188,0.011,0.022,0.043,0.379,0.216,0.674,0.397,0.372,0.186,0.195,0.052,0.687,0.061,0.07,0.165,0.116,0.236,0.055,0.219,0.172,0.219,0.211,0.544,0.34,0.693,0.249,0.236,0.386,0.019,0.62,0.017,0.073,0.068,0.012,0.198,0.027,0.031,0.516,0.201,0.053,0.017,0.328,0.061,0.028,0.516,0.628,0.338,0.469,0.055,1.111,0.479,0.186,0.41,0.115,0.06,0.665,0.141,0.015,0.286,0.143,0.531,0.308,0.059,0.009,0.034,0.44,0.029,0.271,1.144,0.282,0.306,0.198,0.476,0.284,0.125,0.225,0.481,0.937,0.284
50,131,131,0.453,7.528163,0.005,0.49,0.458,0.372,0.31,0.009,1.225,0.3,0.009,1.225,0.3,101|120,1.225|1.196,0.457,0.931,0.01,0.031,0.269,0.393,0.027,0.051,0.023,0.259,0.102,0.682,0.699,0.611,0.327,0.073,0.194,0.435,0.475,0.777,0.623,0.168,0.578,0.471,0.526,0.031,0.371,0.464,0.142,0.327,0.274,0.287,0.622,0.93,0.128,0.04,0.127,0.011,0.023,0.539,0.864,0.091,0.092,0.164,0.519,0.137,0.146,0.059,0.48,0.737,0.172,0.169,0.012,0.017,0.036,0.428,0.181,0.72,0.411,0.374,0.167,0.191,0.066,0.76,0.059,0.066,0.174,0.087,0.277,0.051,0.251,0.151,0.23,0.192,0.586,0.304,0.74,0.271,0.246,0.397,0.014,0.636,0.016,0.063,0.05,0.014,0.169,0.025,0.018,0.55,0.218,0.041,0.017,0.338,0.056,0.015,0.531,0.664,0.343,0.493,0.021,1.225,0.534,0.207,0.386,0.091,0.064,0.689,0.123,0.014,0.279,0.131,0.591,0.308,0.057,0.009,0.045,0.519,0.025,0.246,1.196,0.296,0.288,0.181,0.512,0.342,0.1,0.204,0.466,0.969,0.303
60,131,131,0.413,7.3941498,0.005,0.45,0.458,0.372,0.31,0.009,1.278,0.305,0.009,1.278,0.305,101|120,1.278|1.251,0.447,1.037,0.009,0.053,0.289,0.428,0.015,0.058,0.025,0.3,0.075,0.698,0.692,0.657,0.258,0.07,0.18,0.419,0.456,0.809,0.645,0.143,0.578,0.453,0.548,0.027,0.401,0.474,0.13,0.34,0.287,0.276,0.663,0.995,0.13,0.032,0.116,0.011,0.015,0.571,0.916,0.116,0.05,0.189,0.562,0.108,0.107,0.061,0.494,0.725,0.185,0.171,0.012,0.028,0.033,0.455,0.161,0.75,0.408,0.367,0.168,0.167,0.098,0.793,0.054,0.066,0.17,0.102,0.318,0.02,0.27,0.138,0.244,0.195,0.614,0.274,0.791,0.267,0.245,0.387,0.014,0.63,0.024,0.057,0.055,0.033,0.152,0.026,0.035,0.563,0.213,0.027,0.014,0.375,0.043,0.012,0.557,0.694,0.324,0.497,0.01,1.278,0.585,0.215,0.384,0.064,0.058,0.69,0.111,0.03,0.236,0.096,0.647,0.274,0.083,0.039,0.027,0.576,0.018,0.221,1.251,0.271,0.261,0.149,0.5,0.358,0.102,0.186,0.463,0.98,0.301
70,131,131,0.375,7.269804,0.005,0.411,0.458,0.372,0.31,0.01,1.332,0.308,0.01,1.332,0.308,101|120,1.332|1.305,0.434,1.091,0.01,0.057,0.296,0.448,0.013,0.063,0.025,0.332,0.037,0.733,0.686,0.688,0.233,0.062,0.156,0.417,0.419,0.854,0.658,0.115,0.601,0.461,0.556,0.026,0.43,0.491,0.125,0.358,0.306,0.288,0.72,1.059,0.109,0.032,0.103,0.015,0.011,0.583,0.963,0.117,0.035,0.18,0.595,0.064,0.119,0.067,0.491,0.75,0.185,0.17,0.012,0.015,0.028,0.478,0.145,0.757,0.4,0.358,0.164,0.16,0.122,0.818,0.05,0.06,0.176,0.096,0.321,0.018,0.283,0.16,0.235,0.201,0.619,0.273,0.825,0.284,0.219,0.365,0.031,0.626,0.025,0.053,0.032,0.016,0.163,0.024,0.026,0.583,0.223,0.016,0.014,0.393,0.028,0.041,0.558,0.7,0.302,0.48,0.012,1.332,0.617,0.19,0.381,0.03,0.053,0.678,0.105,0.029,0.246,0.087,0.655,0.265,0.078,0.062,0.034,0.603,0.015,0.191,1.305,0.28,0.227,0.133,0.52,0.386,0.086,0.178,0.471,0.98,0.285
80,131,131,0.343,7.1648798,0.005,0.378,0.458,0.372,0.31,0.009,1.373,0.308,0.009,1.373,0.308,101|120,1.373|1.323,0.414,1.132,0.017,0.056,0.314,0.483,0.01,0.068,0.028,0.332,0.036,0.738,0.684,0.694,0.194,0.065,0.137,0.385,0.395,0.854,0.675,0.083,0.608,0.473,0.549,0.024,0.418,0.486,0.119,0.358,0.316,0.305,0.74,1.112,0.098,0.032,0.078,0.044,0.009,0.605,0.986,0.138,0.02,0.188,0.632,0.039,0.122,0.066,0.494,0.76,0.179,0.158,0.012,0.017,0.025,0.485,0.138,0.783,0.395,0.352,0.161,0.158,0.134,0.839,0.047,0.059,0.187,0.091,0.343,0.036,0.295,0.168,0.233,0.2,0.652,0.278,0.851,0.279,0.173,0.364,0.021,0.615,0.026,0.05,0.023,0.012,0.153,0.028,0.025,0.58,0.216,0.011,0.013,0.424,0.027,0.038,0.551,0.718,0.289,0.463,0.017,1.373,0.639,0.169,0.366,0.022,0.042,0.684,0.103,0.032,0.234,0.085,0.672,0.235,0.094,0.011,0.031,0.61,0.011,0.145,1.323,0.276,0.22,0.123,0.519,0.395,0.07,0.181,0.462,0.987,0.276
90,131,131,0.32,7.1093712,0.005,0.356,0.458,0.372,0.31,0.006,1.375,0.31,0.006,1.375,0.31,101|120,1.375|1.341,0.384,1.174,0.008,0.062,0.353,0.508,0.059,0.075,0.032,0.367,0.048,0.764,0.659,0.692,0.178,0.037,0.126,0.398,0.375,0.883,0.65,0.064,0.622,0.469,0.567,0.024,0.41,0.515,0.117,0.355,0.339,0.307,0.78,1.15,0.088,0.03,0.071,0.011,0.025,0.625,1.029,0.148,0.006,0.19,0.662,0.033,0.151,0.064,0.503,0.781,0.204,0.179,0.017,0.024,0.037,0.504,0.113,0.802,0.388,0.359,0.17,0.154,0.149,0.849,0.047,0.056,0.188,0.079,0.334,0.017,0.301,0.174,0.227,0.195,0.664,0.265,0.835,0.291,0.131,0.367,0.018,0.597,0.02,0.044,0.021,0.018,0.121,0.029,0.025,0.579,0.234,0.04,0.035,0.413,0.026,0.046,0.555,0.721,0.263,0.458,0.023,1.375,0.636,0.139,0.359,0.028,0.036,0.658,0.107,0.023,0.221,0.092,0.674,0.232,0.117,0.013,0.027,0.637,0.016,0.095,1.341,0.262,0.201,0.089,0.497,0.402,0.045,0.152,0.444,1.001,0.291
100,131,131,0.285,7.0280828,0.005,0.32,0.458,0.372,0.31,0.005,1.409,0.311,0.005,1.409,0.311,101|120,1.409|1.369,0.397,1.217,0.046,0.053,0.349,0.506,0.057,0.077,0.04,0.343,0.033,0.74,0.652,0.704,0.133,0.046,0.125,0.378,0.341,0.9,0.665,0.026,0.626,0.494,0.585,0.03,0.427,0.504,0.114,0.374,0.356,0.322,0.829,1.192,0.086,0.027,0.071,0.016,0.11,0.649,1.064,0.145,0.03,0.18,0.682,0.03,0.146,0.058,0.505,0.791,0.2,0.169,0.015,0.011,0.042,0.497,0.113,0.821,0.384,0.344,0.142,0.153,0.162,0.884,0.045,0.056,0.217,0.08,0.343,0.013,0.298,0.192,0.224,0.177,0.704,0.252,0.879,0.293,0.078,0.341,0.017,0.585,0.019,0.042,0.024,0.015,0.111,0.028,0.022,0.591,0.236,0.005,0.066,0.429,0.021,0.026,0.565,0.708,0.234,0.439,0.021,1.409,0.639,0.117,0.324,0.027,0.04,0.663,0.106,0.042,0.216,0.088,0.683,0.203,0.096,0.011,0.024,0.652,0.091,0.08,1.369,0.254,0.176,0.077,0.491,0.394,0.031,0.148,0.459,0.998,0.259
110,131,131,0.26,6.955205,0.005,0.295,0.458,0.372,0.31,0.01,1.421,0.311,0.01,1.421,0.311,101|120,1.421|1.38,0.393,1.228,0.025,0.052,0.353,0.51,0.042,0.077,0.038,0.351,0.032,0.748,0.633,0.713,0.112,0.029,0.118,0.367,0.347,0.914,0.686,0.015,0.622,0.482,0.574,0.02,0.43,0.516,0.112,0.385,0.347,0.327,0.855,1.211,0.061,0.027,0.079,0.023,0.092,0.652,1.096,0.162,0.045,0.179,0.714,0.024,0.141,0.057,0.498,0.814,0.219,0.18,0.014,0.013,0.041,0.5,0.117,0.829,0.379,0.347,0.137,0.181,0.165,0.898,0.041,0.049,0.218,0.069,0.337,0.016,0.297,0.209,0.222,0.184,0.739,0.256,0.904,0.295,0.04,0.328,0.017,0.58,0.013,0.038,0.023,0.01,0.087,0.036,0.02,0.597,0.235,0.023,0.057,0.449,0.025,0.023,0.552,0.703,0.211,0.415,0.019,1.421,0.638,0.102,0.324,0.025,0.026,0.659,0.108,0.027,0.211,0.11,0.678,0.171,0.066,0.015,0.022,0.653,0.101,0.069,1.38,0.259,0.159,0.055,0.498,0.405,0.038,0.149,0.453,0.991,0.226
120,131,131,0.246,6.9136381,0.005,0.28,0.458,0.372,0.31,0.009,1.446,0.314,0.009,1.446,0.314,101|120,1.446|1.409,0.401,1.262,0.017,0.055,0.364,0.509,0.022,0.076,0.038,0.358,0.031,0.77,0.61,0.714,0.106,0.023,0.098,0.376,0.361,0.947,0.674,0.017,0.646,0.463,0.586,0.016,0.424,0.543,0.113,0.394,0.358,0.335,0.901,1.256,0.039,0.028,0.074,0.018,0.076,0.66,1.112,0.167,0.044,0.182,0.714,0.021,0.141,0.053,0.512,0.824,0.233,0.166,0.05,0.014,0.05,0.482,0.121,0.856,0.392,0.33,0.105,0.192,0.188,0.904,0.037,0.046,0.234,0.059,0.349,0.021,0.3,0.238,0.216,0.19,0.763,0.264,0.944,0.331,0.038,0.349,0.018,0.574,0.012,0.035,0.042,0.009,0.066,0.046,0.021,0.615,0.237,0.159,0.062,0.466,0.024,0.016,0.551,0.695,0.192,0.406,0.017,1.446,0.604,0.085,0.338,0.024,0.03,0.653,0.112,0.024,0.205,0.113,0.671,0.155,0.061,0.012,0.028,0.671,0.061,0.046,1.409,0.274,0.147,0.032,0.477,0.412,0.012,0.123,0.447,0.99,0.24
130,131,131,0.225,6.8751621,0.005,0.259,0.458,0.372,0.31,0.012,1.48,0.317,0.012,1.48,0.317,101|120,1.48|1.418,0.391,1.283,0.041,0.053,0.362,0.519,0.012,0.074,0.035,0.354,0.03,0.771,0.62,0.734,0.068,0.023,0.086,0.357,0.341,0.951,0.696,0.015,0.649,0.474,0.585,0.049,0.431,0.536,0.111,0.406,0.359,0.354,0.923,1.293,0.02,0.025,0.057,0.016,0.056,0.685,1.147,0.18,0.043,0.193,0.741,0.017,0.124,0.051,0.516,0.82,0.274,0.174,0.082,0.017,0.056,0.488,0.126,0.862,0.368,0.311,0.105,0.212,0.184,0.913,0.034,0.044,0.246,0.043,0.355,0.075,0.309,0.259,0.231,0.182,0.776,0.257,0.969,0.361,0.036,0.352,0.021,0.578,0.042,0.033,0.035,0.017,0.048,0.047,0.029,0.61,0.238,0.155,0.042,0.489,0.022,0.043,0.553,0.709,0.184,0.398,0.017,1.48,0.613,0.077,0.345,0.022,0.028,0.655,0.114,0.02,0.192,0.113,0.668,0.106,0.047,0.015,0.031,0.683,0.032,0.045,1.418,0.251,0.12,0.021,0.491,0.421,0.012,0.138,0.44,0.994,0.231
140,131,131,0.206,6.8043785,0.005,0.24,0.458,0.372,0.31,0.009,1.491,0.316,0.009,1.491,0.316,101|120,1.491|1.418,0.399,1.301,0.039,0.05,0.361,0.516,0.009,0.073,0.036,0.365,0.03,0.78,0.61,0.735,0.067,0.021,0.072,0.356,0.33,0.969,0.697,0.012,0.662,0.477,0.582,0.028,0.43,0.541,0.109,0.41,0.351,0.351,0.953,1.317,0.014,0.023,0.053,0.015,0.049,0.692,1.176,0.176,0.03,0.203,0.752,0.016,0.125,0.051,0.505,0.815,0.288,0.173,0.093,0.013,0.057,0.479,0.126,0.875,0.369,0.306,0.1,0.222,0.191,0.925,0.032,0.039,0.252,0.035,0.348,0.063,0.315,0.273,0.213,0.175,0.781,0.263,0.99,0.376,0.033,0.339,0.026,0.594,0.049,0.032,0.025,0.009,0.044,0.049,0.029,0.615,0.233,0.138,0.03,0.481,0.018,0.025,0.555,0.713,0.175,0.385,0.02,1.491,0.613,0.064,0.34,0.021,0.028,0.643,0.115,0.017,0.182,0.091,0.664,0.103,0.031,0.014,0.035,0.687,0.009,0.043,1.418,0.243,0.1,0.02,0.5,0.429,0.012,0.14,0.431,0.991,0.222
150,131,131,0.184,6.7845597,0.005,0.218,0.458,0.372,0.31,0.006,1.496,0.315,0.006,1.496,0.315,101|120,1.496|1.405,0.394,1.315,0.03,0.047,0.35,0.516,0.009,0.069,0.032,0.358,0.026,0.778,0.605,0.736,0.064,0.02,0.054,0.351,0.309,0.977,0.691,0.011,0.661,0.475,0.587,0.031,0.428,0.535,0.112,0.408,0.326,0.323,0.99,1.3,0.016,0.045,0.069,0.016,0.084,0.701,1.157,0.211,0.024,0.18,0.76,0.013,0.111,0.057,0.506,0.816,0.286,0.182,0.081,0.006,0.065,0.475,0.114,0.894,0.335,0.296,0.126,0.266,0.177,0.936,0.022,0.035,0.303,0.03,0.321,0.087,0.332,0.319,0.21,0.16,0.802,0.264,0.978,0.384,0.03,0.322,0.04,0.595,0.028,0.029,0.027,0.022,0.028,0.047,0.029,0.606,0.225,0.131,0.016,0.47,0.017,0.021,0.53,0.719,0.163,0.375,0.015,1.496,0.599,0.061,0.331,0.018,0.044,0.643,0.12,0.014,0.191,0.072,0.668,0.093,0.03,0.016,0.028,0.687,0.012,0.042,1.405,0.239,0.091,0.017,0.499,0.42,0.013,0.131,0.425,0.976,0.216
160,131,131,0.179,6.7362862,0.005,0.212,0.458,0.372,0.31,0.008,1.508,0.313,0.008,1.508,0.313,101|120,1.508|1.409,0.401,1.326,0.027,0.043,0.336,0.514,0.009,0.065,0.029,0.367,0.026,0.766,0.597,0.732,0.066,0.019,0.04,0.346,0.3,0.976,0.68,0.01,0.666,0.471,0.595,0.033,0.421,0.538,0.11,0.409,0.326,0.319,1.018,1.299,0.017,0.04,0.079,0.036,0.079,0.71,1.156,0.227,0.015,0.162,0.765,0.013,0.11,0.062,0.505,0.807,0.292,0.195,0.074,0.008,0.063,0.465,0.111,0.904,0.322,0.29,0.127,0.277,0.196,0.941,0.018,0.031,0.312,0.039,0.309,0.074,0.336,0.336,0.205,0.144,0.817,0.273,0.988,0.38,0.027,0.316,0.037,0.594,0.023,0.024,0.027,0.01,0.021,0.045,0.028,0.598,0.21,0.104,0.016,0.467,0.022,0.019,0.526,0.734,0.156,0.362,0.012,1.508,0.586,0.055,0.337,0.017,0.029,0.64,0.119,0.013,0.193,0.056,0.67,0.071,0.029,0.011,0.025,0.679,0.01,0.041,1.409,0.225,0.091,0.013,0.499,0.408,0.014,0.128,0.417,0.961,0.204
170,131,131,0.178,6.7139959,0.005,0.212,0.458,0.372,0.31,0.008,1.524,0.315,0.008,1.524,0.315,101|120,1.524|1.423,0.411,1.344,0.022,0.045,0.346,0.513,0.008,0.062,0.024,0.368,0.025,0.783,0.588,0.734,0.054,0.018,0.037,0.344,0.291,1.001,0.677,0.031,0.661,0.465,0.591,0.026,0.414,0.546,0.109,0.418,0.332,0.342,1.043,1.32,0.016,0.049,0.083,0.033,0.051,0.712,1.17,0.226,0.018,0.173,0.765,0.021,0.115,0.059,0.523,0.808,0.311,0.212,0.078,0.008,0.057,0.463,0.112,0.902,0.313,0.282,0.113,0.286,0.206,0.957,0.025,0.027,0.301,0.046,0.313,0.047,0.332,0.343,0.195,0.142,0.814,0.281,1.021,0.384,0.021,0.303,0.037,0.611,0.02,0.029,0.024,0.06,0.021,0.044,0.026,0.615,0.196,0.069,0.017,0.481,0.025,0.016,0.544,0.747,0.145,0.359,0.009,1.524,0.578,0.06,0.336,0.016,0.075,0.639,0.12,0.013,0.192,0.042,0.685,0.061,0.029,0.01,0.02,0.684,0.021,0.039,1.423,0.22,0.097,0.011,0.493,0.411,0.013,0.121,0.42,0.966,0.198
180,131,131,0.165,6.6844835,0.005,0.199,0.458,0.372,0.31,0.009,1.534,0.317,0.009,1.534,0.317,101|120,1.534|1.428,0.419,1.354,0.017,0.04,0.33,0.517,0.011,0.058,0.034,0.39,0.024,0.791,0.605,0.752,0.037,0.016,0.035,0.347,0.274,0.991,0.682,0.017,0.66,0.471,0.596,0.024,0.41,0.544,0.11,0.452,0.333,0.332,1.051,1.337,0.033,0.046,0.08,0.024,0.061,0.722,1.188,0.214,0.021,0.164,0.779,0.01,0.117,0.051,0.517,0.811,0.324,0.209,0.069,0.009,0.054,0.474,0.11,0.907,0.306,0.287,0.114,0.289,0.204,0.975,0.07,0.02,0.307,0.027,0.311,0.039,0.329,0.344,0.21,0.127,0.826,0.278,1.044,0.399,0.019,0.307,0.041,0.617,0.016,0.034,0.024,0.054,0.016,0.044,0.025,0.633,0.185,0.065,0.015,0.482,0.075,0.017,0.529,0.748,0.139,0.358,0.013,1.534,0.582,0.053,0.344,0.016,0.057,0.639,0.118,0.013,0.183,0.019,0.683,0.042,0.023,0.023,0.027,0.69,0.014,0.04,1.428,0.213,0.063,0.01,0.509,0.426,0.014,0.124,0.423,0.977,0.212
190,131,131,0.14,6.6334424,0.005,0.173,0.458,0.372,0.31,0.009,1.552,0.316,0.009,1.552,0.316,101|120,1.552|1.427,0.411,1.39,0.014,0.04,0.335,0.507,0.027,0.056,0.032,0.41,0.022,0.781,0.602,0.748,0.036,0.015,0.032,0.34,0.278,1.002,0.674,0.013,0.668,0.457,0.605,0.021,0.42,0.55,0.105,0.444,0.329,0.337,1.056,1.353,0.016,0.043,0.08,0.026,0.063,0.727,1.201,0.22,0.022,0.162,0.787,0.018,0.116,0.046,0.518,0.797,0.338,0.204,0.064,0.015,0.054,0.474,0.116,0.916,0.305,0.281,0.107,0.304,0.196,0.995,0.068,0.014,0.305,0.02,0.298,0.041,0.331,0.334,0.205,0.104,0.834,0.284,1.044,0.393,0.015,0.304,0.042,0.623,0.014,0.026,0.022,0.037,0.014,0.043,0.027,0.627,0.187,0.04,0.014,0.477,0.054,0.035,0.535,0.76,0.134,0.35,0.02,1.552,0.572,0.045,0.342,0.016,0.051,0.639,0.122,0.012,0.168,0.014,0.697,0.031,0.023,0.01,0.022,0.684,0.018,0.038,1.427,0.211,0.058,0.009,0.503,0.425,0.013,0.12,0.421,0.975,0.218
200,131,131,0.134,6.605917,0.005,0.167,0.458,0.372,0.31,0.011,1.56,0.317,0.011,1.56,0.317,101|120,1.56|1.435,0.411,1.404,0.019,0.039,0.331,0.503,0.015,0.053,0.035,0.401,0.02,0.776,0.59,0.744,0.034,0.014,0.031,0.331,0.271,1.012,0.688,0.059,0.675,0.463,0.609,0.016,0.426,0.542,0.103,0.449,0.33,0.341,1.072,1.373,0.017,0.042,0.087,0.025,0.053,0.727,1.215,0.218,0.021,0.168,0.797,0.012,0.114,0.046,0.512,0.794,0.347,0.196,0.061,0.014,0.05,0.486,0.112,0.925,0.309,0.276,0.1,0.312,0.194,1.004,0.08,0.011,0.313,0.02,0.302,0.039,0.337,0.349,0.198,0.099,0.841,0.285,1.063,0.406,0.014,0.3,0.041,0.646,0.011,0.028,0.019,0.011,0.012,0.04,0.027,0.633,0.172,0.036,0.013,0.483,0.038,0.024,0.539,0.762,0.106,0.346,0.022,1.56,0.579,0.054,0.353,0.015,0.046,0.643,0.12,0.012,0.17,0.014,0.699,0.027,0.019,0.012,0.031,0.696,0.023,0.037,1.435,0.204,0.058,0.017,0.511,0.423,0.011,0.126,0.409,0.967,0.219
210,131,131,0.141,6.5662503,0.005,0.174,0.458,0.372,0.31,0.009,1.58,0.318,0.009,1.58,0.318,101|120,1.58|1.444,0.417,1.425,0.017,0.037,0.33,0.488,0.009,0.052,0.038,0.413,0.019,0.787,0.592,0.744,0.031,0.014,0.029,0.328,0.272,1.027,0.68,0.071,0.694,0.454,0.622,0.015,0.441,0.552,0.103,0.456,0.335,0.343,1.087,1.38,0.015,0.041,0.082,0.022,0.054,0.736,1.243,0.217,0.018,0.168,0.804,0.011,0.12,0.043,0.513,0.796,0.358,0.201,0.067,0.026,0.047,0.486,0.112,0.939,0.315,0.266,0.091,0.314,0.201,1.011,0.058,0.013,0.311,0.019,0.307,0.036,0.339,0.35,0.188,0.07,0.851,0.3,1.065,0.412,0.013,0.299,0.041,0.645,0.018,0.025,0.016,0.018,0.011,0.04,0.025,0.641,0.172,0.024,0.013,0.489,0.035,0.018,0.548,0.776,0.107,0.334,0.019,1.58,0.57,0.036,0.35,0.014,0.043,0.641,0.122,0.013,0.164,0.011,0.712,0.025,0.018,0.011,0.028,0.687,0.025,0.035,1.444,0.2,0.042,0.009,0.512,0.42,0.011,0.114,0.414,0.979,0.223
220,131,131,0.12,6.5348797,0.005,0.153,0.527,0.439,0.403,0.009,1.592,0.319,0.009,1.592,0.319,101|1,1.592|1.444,0.414,1.444,0.014,0.038,0.33,0.487,0.009,0.049,0.034,0.416,0.018,0.782,0.599,0.75,0.012,0.017,0.027,0.322,0.257,1.015,0.671,0.056,0.686,0.46,0.617,0.013,0.438,0.546,0.103,0.467,0.328,0.339,1.089,1.396,0.014,0.036,0.078,0.021,0.044,0.748,1.25,0.225,0.017,0.163,0.831,0.011,0.106,0.041,0.521,0.796,0.374,0.199,0.058,0.01,0.048,0.491,0.112,0.937,0.306,0.27,0.096,0.32,0.203,1.034,0.058,0.022,0.321,0.019,0.305,0.033,0.335,0.358,0.192,0.067,0.861,0.299,1.084,0.419,0.026,0.302,0.039,0.671,0.039,0.027,0.014,0.014,0.012,0.039,0.025,0.639,0.155,0.012,0.021,0.48,0.032,0.018,0.547,0.778,0.094,0.33,0.017,1.592,0.565,0.034,0.359,0.017,0.039,0.645,0.12,0.021,0.148,0.015,0.724,0.023,0.014,0.01,0.033,0.695,0.022,0.034,1.441,0.185,0.038,0.009,0.507,0.43,0.014,0.118,0.406,0.983,0.227
230,131,131,0.102,6.5562859,0.005,0.135,0.527,0.439,0.403,0.007,1.562,0.319,0.007,1.562,0.319,101|1,1.562|1.441,0.389,1.441,0.014,0.04,0.317,0.482,0.01,0.048,0.033,0.403,0.018,0.772,0.588,0.755,0.007,0.015,0.026,0.317,0.269,1.019,0.679,0.064,0.7,0.473,0.618,0.014,0.438,0.557,0.105,0.474,0.333,0.344,1.092,1.405,0.015,0.037,0.09,0.019,0.054,0.74,1.251,0.222,0.014,0.177,0.841,0.011,0.118,0.042,0.529,0.804,0.405,0.175,0.055,0.012,0.048,0.487,0.1,0.941,0.306,0.251,0.111,0.297,0.2,1.04,0.06,0.017,0.287,0.019,0.285,0.027,0.334,0.36,0.198,0.062,0.849,0.285,1.114,0.388,0.039,0.259,0.044,0.683,0.03,0.025,0.014,0.021,0.026,0.043,0.068,0.645,0.122,0.015,0.019,0.488,0.034,0.019,0.506,0.79,0.121,0.343,0.035,1.562,0.567,0.021,0.352,0.014,0.036,0.643,0.126,0.031,0.13,0.024,0.741,0.023,0.012,0.051,0.048,0.708,0.04,0.028,1.415,0.206,0.056,0.021,0.492,0.425,0.017,0.104,0.434,0.972,0.205
240,131,131,0.106,6.527874,0.005,0.139,0.527,0.439,0.403,0.006,1.571,0.32,0.006,1.571,0.32,101|1,1.571|1.454,0.393,1.454,0.014,0.036,0.316,0.484,0.01,0.046,0.03,0.407,0.016,0.777,0.58,0.76,0.006,0.014,0.023,0.319,0.275,1.02,0.686,0.054,0.708,0.462,0.616,0.016,0.434,0.554,0.105,0.475,0.326,0.334,1.105,1.418,0.014,0.035,0.09,0.018,0.057,0.742,1.259,0.223,0.011,0.174,0.848,0.01,0.12,0.04,0.532,0.805,0.415,0.167,0.059,0.011,0.047,0.487,0.097,0.951,0.309,0.249,0.109,0.293,0.19,1.042,0.07,0.015,0.294,0.019,0.296,0.023,0.337,0.365,0.2,0.059,0.848,0.284,1.124,0.393,0.023,0.258,0.046,0.703,0.027,0.028,0.013,0.021,0.01,0.043,0.078,0.652,0.104,0.023,0.013,0.484,0.031,0.021,0.493,0.788,0.117,0.338,0.061,1.571,0.562,0.026,0.361,0.023,0.028,0.644,0.125,0.015,0.121,0.017,0.753,0.021,0.011,0.033,0.042,0.721,0.044,0.025,1.407,0.199,0.046,0.009,0.493,0.438,0.014,0.109,0.428,0.976,0.218
250,131,131,0.095,6.487617,0.005,0.128,0.527,0.439,0.403,0.007,1.592,0.32,0.007,1.592,0.32,101|1,1.592|1.483,0.399,1.483,0.014,0.035,0.319,0.474,0.01,0.045,0.026,0.413,0.016,0.776,0.594,0.767,0.007,0.014,0.022,0.321,0.258,1.029,0.678,0.056,0.709,0.465,0.623,0.019,0.445,0.554,0.102,0.483,0.34,0.339,1.099,1.431,0.013,0.035,0.084,0.017,0.034,0.743,1.279,0.217,0.01,0.176,0.858,0.011,0.123,0.038,0.529,0.808,0.418,0.155,0.058,0.01,0.045,0.489,0.094,0.952,0.307,0.249,0.108,0.289,0.192,1.057,0.054,0.013,0.289,0.018,0.284,0.021,0.334,0.369,0.191,0.056,0.858,0.29,1.137,0.386,0.013,0.265,0.044,0.707,0.023,0.029,0.021,0.018,0.012,0.041,0.09,0.657,0.104,0.02,0.031,0.49,0.03,0.022,0.502,0.806,0.113,0.328,0.029,1.592,0.555,0.021,0.367,0.017,0.024,0.647,0.125,0.026,0.13,0.02,0.758,0.02,0.012,0.01,0.038,0.727,0.025,0.022,1.409,0.201,0.04,0.019,0.485,0.434,0.019,0.102,0.436,0.975,0.222
260,131,89,0.1,6.4781337,0.005,0.133,0.527,0.439,0.403,0.007,1.613,0.323,0.0,1.613,0.316,101|1,1.613|1.489,0.397,1.489,0.0,0.0,0.304,0.478,0.0,0.043,0.0,0.421,0.0,0.792,0.603,0.777,0.0,0.0,0.0,0.326,0.253,1.03,0.668,0.051,0.725,0.468,0.623,0.0,0.461,0.546,0.102,0.474,0.337,0.338,1.137,1.451,0.0,0.0,0.086,0.0,0.042,0.744,1.296,0.204,0.0,0.182,0.853,0.0,0.12,0.04,0.548,0.799,0.421,0.178,0.069,0.0,0.042,0.473,0.086,0.97,0.322,0.242,0.092,0.282,0.21,1.072,0.064,0.0,0.299,0.0,0.296,0.0,0.338,0.371,0.188,0.055,0.888,0.301,1.144,0.387,0.0,0.271,0.042,0.71,0.0,0.0,0.0,0.0,0.0,0.0,0.086,0.65,0.094,0.0,0.0,0.495,0.0,0.0,0.51,0.798,0.094,0.324,0.049,1.613,0.554,0.0,0.378,0.0,0.0,0.66,0.125,0.0,0.125,0.0,0.766,0.0,0.0,0.0,0.0,0.723,0.0,0.0,1.426,0.206,0.04,0.0,0.51,0.457,0.0,0.093,0.437,0.985,0.236
270,131,78,0.082,6.4688921,0.005,0.115,0.527,0.439,0.403,0.005,1.637,0.326,0.0,1.637,0.316,101|1,1.637|1.521,0.4,1.521,0.0,0.0,0.301,0.481,0.0,0.0,0.0,0.435,0.0,0.798,0.611,0.756,0.0,0.0,0.0,0.315,0.244,1.048,0.672,0.0,0.721,0.458,0.632,0.0,0.451,0.547,0.098,0.478,0.322,0.341,1.145,1.462,0.0,0.0,0.098,0.0,0.0,0.761,1.295,0.212,0.0,0.175,0.866,0.0,0.138,0.0,0.563,0.821,0.43,0.179,0.0,0.0,0.0,0.491,0.09,0.985,0.32,0.24,0.095,0.28,0.221,1.096,0.0,0.0,0.315,0.0,0.3,0.0,0.353,0.38,0.203,0.0,0.877,0.308,1.163,0.388,0.0,0.289,0.0,0.726,0.0,0.0,0.0,0.0,0.118,0.0,0.0,0.655,0.104,0.0,0.0,0.5,0.0,0.0,0.511,0.822,0.081,0.341,0.0,1.637,0.549,0.0,0.372,0.0,0.0,0.661,0.125,0.0,0.135,0.0,0.772,0.0,0.0,0.0,0.0,0.757,0.0,0.0,1.438,0.201,0.0,0.0,0.517,0.454,0.0,0.099,0.438,0.989,0.258
280,131,70,0.142,6.4348817,0.005,0.174,0.527,0.439,0.403,0.005,1.631,0.322,0.0,1.631,0.309,101|1,1.631|1.459,0.417,1.459,0.0,0.0,0.27,0.46,0.0,0.0,0.0,0.471,0.0,0.752,0.577,0.719,0.0,0.0,0.0,0.287,0.231,1.012,0.664,0.0,0.712,0.477,0.613,0.0,0.421,0.598,0.0,0.485,0.366,0.355,1.14,1.454,0.0,0.0,0.0,0.0,0.0,0.793,1.312,0.215,0.0,0.168,0.868,0.0,0.16,0.0,0.539,0.762,0.456,0.143,0.0,0.0,0.0,0.499,0.0,0.97,0.324,0.279,0.0,0.299,0.195,1.082,0.0,0.0,0.305,0.0,0.278,0.0,0.38,0.399,0.224,0.0,0.863,0.288,1.114,0.416,0.0,0.313,0.0,0.721,0.0,0.0,0.0,0.0,0.0,0.0,0.0,0.685,0.0,0.0,0.0,0.529,0.0,0.0,0.513,0.857,0.0,0.286,0.0,1.631,0.567,0.0,0.388,0.0,0.0,0.693,0.131,0.0,0.134,0.0,0.749,0.0,0.0,0.0,0.0,0.762,0.0,0.0,1.425,0.146,0.0,0.0,0.531,0.474,0.0,0.0,0.466,1.002,0.236
290,131,64,0.144,6.3335438,0.005,0.176,0.527,0.439,0.403,0.005,1.586,0.317,0.0,1.586,0.302,101|1,1.586|1.48,0.41,1.48,0.0,0.0,0.307,0.465,0.0,0.0,0.0,0.491,0.0,0.75,0.561,0.713,0.0,0.0,0.0,0.295,0.223,0.997,0.647,0.0,0.714,0.454,0.646,0.0,0.424,0.572,0.0,0.477,0.37,0.386,1.146,1.428,0.0,0.0,0.0,0.0,0.0,0.817,1.278,0.254,0.0,0.0,0.832,0.0,0.0,0.0,0.538,0.796,0.461,0.0,0.0,0.0,0.0,0.543,0.0,0.994,0.303,0.254,0.0,0.238,0.175,1.152,0.0,0.0,0.293,0.0,0.268,0.0,0.335,0.332,0.204,0.0,0.844,0.307,1.089,0.411,0.0,0.332,0.0,0.673,0.0,0.0,0.0,0.0,0.0,0.0,0.0,0.707,0.0,0.0,0.0,0.499,0.0,0.0,0.522,0.904,0.0,0.29,0.0,1.586,0.553,0.0,0.428,0.0,0.0,0.642,0.0,0.0,0.0,0.0,0.717,0.0,0.0,0.0,0.0,0.81,0.0,0.0,1.439,0.0,0.0,0.0,0.548,0.469,0.0,0.0,0.461,1.005,0.263
300,131,62,0.123,6.2562304,0.005,0.155,0.527,0.439,0.403,0.006,1.619,0.317,0.0,1.619,0.302,101|1,1.619|1.49,0.456,1.49,0.0,0.0,0.256,0.457,0.0,0.0,0.0,0.488,0.0,0.77,0.547,0.719,0.0,0.0,0.0,0.301,0.218,1.009,0.662,0.0,0.691,0.448,0.65,0.0,0.429,0.614,0.0,0.448,0.344,0.379,1.173,1.418,0.0,0.0,0.0,0.0,0.0,0.879,1.259,0.278,0.0,0.0,0.841,0.0,0.0,0.0,0.563,0.771,0.486,0.0,0.0,0.0,0.0,0.525,0.0,1.041,0.33,0.242,0.0,0.236,0.0,1.209,0.0,0.0,0.273,0.0,0.268,0.0,0.335,0.406,0.0,0.0,0.863,0.324,1.129,0.411,0.0,0.329,0.0,0.701,0.0,0.0,0.0,0.0,0.0,0.0,0.0,0.702,0.0,0.0,0.0,0.504,0.0,0.0,0.484,0.918,0.0,0.329,0.0,1.619,0.583,0.0,0.45,0.0,0.0,0.66,0.0,0.0,0.0,0.0,0.704,0.0,0.0,0.0,0.0,0.803,0.0,0.0,1.466,0.0,0.0,0.0,0.535,0.468,0.0,0.0,0.461,0.979,0.275
310,131,59,0.168,6.217526,0.005,0.199,0.527,0.439,0.403,0.004,1.646,0.32,0.0,1.646,0.302,101|1,1.646|1.525,0.472,1.525,0.0,0.0,0.279,0.502,0.0,0.0,0.0,0.495,0.0,0.8,0.542,0.742,0.0,0.0,0.0,0.307,0.0,1.013,0.652,0.0,0.69,0.436,0.67,0.0,0.464,0.63,0.0,0.452,0.335,0.393,1.18,1.394,0.0,0.0,0.0,0.0,0.0,0.895,1.267,0.246,0.0,0.0,0.876,0.0,0.0,0.0,0.584,0.822,0.495,0.0,0.0,0.0,0.0,0.531,0.0,1.024,0.336,0.0,0.0,0.0,0.0,1.225,0.0,0.0,0.27,0.0,0.298,0.0,0.325,0.374,0.0,0.0,0.85,0.318,1.183,0.414,0.0,0.331,0.0,0.758,0.0,0.0,0.0,0.0,0.0,0.0,0.0,0.681,0.0,0.0,0.0,0.535,0.0,0.0,0.5,0.911,0.0,0.32,0.0,1.646,0.612,0.0,0.45,0.0,0.0,0.699,0.0,0.0,0.0,0.0,0.704,0.0,0.0,0.0,0.0,0.823,0.0,0.0,1.457,0.0,0.0,0.0,0.556,0.505,0.0,0.0,0.462,0.993,0.288
320,131,54,0.188,6.1686554,0.005,0.219,0.527,0.439,0.403,0.005,1.616,0.323,0.0,1.616,0.299,1|101,1.616|1.597,0.474,1.616,0.0,0.0,0.0,0.507,0.0,0.0,0.0,0.527,0.0,0.831,0.49,0.711,0.0,0.0,0.0,0.322,0.0,1.052,0.605,0.0,0.739,0.47,0.69,0.0,0.453,0.72,0.0,0.502,0.331,0.361,1.139,1.365,0.0,0.0,0.0,0.0,0.0,0.759,1.216,0.0,0.0,0.0,0.863,0.0,0.0,0.0,0.674,0.914,0.65,0.0,0.0,0.0,0.0,0.592,0.0,1.057,0.389,0.0,0.0,0.0,0.0,1.234,0.0,0.0,0.0,0.0,0.0,0.0,0.335,0.34,0.0,0.0,0.949,0.364,1.176,0.485,0.0,0.492,0.0,0.719,0.0,0.0,0.0,0.0,0.0,0.0,0.0,0.675,0.0,0.0,0.0,0.561,0.0,0.0,0.54,0.904,0.0,0.464,0.0,1.597,0.567,0.0,0.47,0.0,0.0,0.704,0.0,0.0,0.0,0.0,0.645,0.0,0.0,0.0,0.0,0.819,0.0,0.0,1.584,0.0,0.0,0.0,0.514,0.47,0.0,0.0,0.502,1.03,0.0
330,131,53,0.18,6.0867085,0.005,0.21,0.527,0.439,0.403,0.005,1.704,0.325,0.0,1.704,0.302,1|101,1.704|1.623,0.502,1.704,0.0,0.0,0.0,0.534,0.0,0.0,0.0,0.54,0.0,0.826,0.544,0.697,0.0,0.0,0.0,0.0,0.0,1.043,0.619,0.0,0.758,0.533,0.703,0.0,0.466,0.68,0.0,0.565,0.322,0.387,1.165,1.391,0.0,0.0,0.0,0.0,0.0,0.744,1.279,0.0,0.0,0.0,0.876,0.0,0.0,0.0,0.669,0.903,0.674,0.0,0.0,0.0,0.0,0.605,0.0,1.102,0.424,0.0,0.0,0.0,0.0,1.257,0.0,0.0,0.0,0.0,0.0,0.0,0.326,0.336,0.0,0.0,0.874,0.341,1.234,0.5,0.0,0.476,0.0,0.771,0.0,0.0,0.0,0.0,0.0,0.0,0.0,0.7,0.0,0.0,0.0,0.573,0.0,0.0,0.524,0.911,0.0,0.446,0.0,1.623,0.59,0.0,0.485,0.0,0.0,0.697,0.0,0.0,0.0,0.0,0.687,0.0,0.0,0.0,0.0,0.844,0.0,0.0,1.574,0.0,0.0,0.0,0.546,0.484,0.0,0.0,0.485,1.079,0.0
340,131,49,0.397,6.0164042,0,0.397,0.527,0.439,0.403,0.004,1.685,0.323,0.0,1.685,0.293,1|101,1.685|1.685,0.478,1.685,0.0,0.0,0.0,0.641,0.0,0.0,0.0,0.489,0.0,0.852,0.533,0.685,0.0,0.0,0.0,0.0,0.0,1.109,0.577,0.0,0.756,0.48,0.695,0.0,0.422,0.68,0.0,0.601,0.0,0.0,1.172,1.384,0.0,0.0,0.0,0.0,0.0,0.692,1.331,0.0,0.0,0.0,0.855,0.0,0.0,0.0,0.634,0.938,0.536,0.0,0.0,0.0,0.0,0.539,0.0,1.157,0.382,0.0,0.0,0.0,0.0,1.284,0.0,0.0,0.0,0.0,0.0,0.0,0.429,0.0,0.0,0.0,0.872,0.0,1.19,0.473,0.0,0.447,0.0,0.778,0.0,0.0,0.0,0.0,0.0,0.0,0.0,0.813,0.0,0.0,0.0,0.614,0.0,0.0,0.619,0.887,0.0,0.445,0.0,1.685,0.625,0.0,0.466,0.0,0.0,0.72,0.0,0.0,0.0,0.0,0.705,0.0,0.0,0.0,0.0,0.847,0.0,0.0,1.571,0.0,0.0,0.0,0.594,0.454,0.0,0.0,0.503,1.059,0.0
350,131,46,0.248,5.9974375,0,0.248,0.527,0.439,0.403,0.005,1.642,0.313,0.0,1.642,0.278,101|1,1.642|1.614,0.46,1.614,0.0,0.0,0.0,0.543,0.0,0.0,0.0,0.0,0.0,0.892,0.63,0.691,0.0,0.0,0.0,0.0,0.0,1.06,0.544,0.0,0.734,0.473,0.746,0.0,0.0,0.628,0.0,0.66,0.0,0.0,1.191,1.328,0.0,0.0,0.0,0.0,0.0,0.543,1.128,0.0,0.0,0.0,0.864,0.0,0.0,0.0,0.732,0.882,0.552,0.0,0.0,0.0,0.0,0.589,0.0,1.077,0.0,0.0,0.0,0.0,0.0,1.316,0.0,0.0,0.0,0.0,0.0,0.0,0.411,0.0,0.0,0.0,0.984,0.0,1.201,0.537,0.0,0.488,0.0,0.681,0.0,0.0,0.0,0.0,0.0,0.0,0.0,0.8,0.0,0.0,0.0,0.644,0.0,0.0,0.438,0.855,0.0,0.486,0.0,1.642,0.593,0.0,0.424,0.0,0.0,0.684,0.0,0.0,0.0,0.0,0.8,0.0,0.0,0.0,0.0,0.893,0.0,0.0,1.464,0.0,0.0,0.0,0.631,0.412,0.0,0.0,0.527,1.006,0.0
360,131,43,0.276,6.0026398,0,0.276,0.527,0.439,0.403,0.005,1.584,0.311,0.0,1.584,0.269,101|1,1.584|1.579,0.538,1.579,0.0,0.0,0.0,0.501,0.0,0.0,0.0,0.0,0.0,0.861,0.679,0.677,0.0,0.0,0.0,0.0,0.0,1.062,0.596,0.0,0.735,0.538,0.748,0.0,0.0,0.51,0.0,0.652,0.0,0.0,1.196,1.331,0.0,0.0,0.0,0.0,0.0,0.548,1.154,0.0,0.0,0.0,0.873,0.0,0.0,0.0,0.695,0.873,0.487,0.0,0.0,0.0,0.0,0.587,0.0,1.026,0.0,0.0,0.0,0.0,0.0,1.301,0.0,0.0,0.0,0.0,0.0,0.0,0.0,0.0,0.0,0.0,0.999,0.0,1.13,0.543,0.0,0.51,0.0,0.653,0.0,0.0,0.0,0.0,0.0,0.0,0.0,0.85,0.0,0.0,0.0,0.67,0.0,0.0,0.0,0.786,0.0,0.537,0.0,1.584,0.593,0.0,0.503,0.0,0.0,0.615,0.0,0.0,0.0,0.0,0.82,0.0,0.0,0.0,0.0,0.906,0.0,0.0,1.422,0.0,0.0,0.0,0.722,0.0,0.0,0.0,0.543,1.054,0.0
370,131,43,0.184,5.9657946,0,0.184,0.527,0.439,0.403,0.008,1.601,0.316,0.0,1.601,0.275,101|1,1.601|1.583,0.539,1.583,0.0,0.0,0.0,0.57,0.0,0.0,0.0,0.0,0.0,0.832,0.657,0.702,0.0,0.0,0.0,0.0,0.0,1.076,0.594,0.0,0.697,0.538,0.806,0.0,0.0,0.556,0.0,0.623,0.0,0.0,1.228,1.396,0.0,0.0,0.0,0.0,0.0,0.56,1.205,0.0,0.0,0.0,0.897,0.0,0.0,0.0,0.665,0.874,0.513,0.0,0.0,0.0,0.0,0.604,0.0,1.116,0.0,0.0,0.0,0.0,0.0,1.364,0.0,0.0,0.0,0.0,0.0,0.0,0.0,0.0,0.0,0.0,0.952,0.0,1.208,0.551,0.0,0.487,0.0,0.75,0.0,0.0,0.0,0.0,0.0,0.0,0.0,0.935,0.0,0.0,0.0,0.657,0.0,0.0,0.0,0.795,0.0,0.544,0.0,1.601,0.624,0.0,0.519,0.0,0.0,0.597,0.0,0.0,0.0,0.0,0.851,0.0,0.0,0.0,0.0,0.89,0.0,0.0,1.486,0.0,0.0,0.0,0.742,0.0,0.0,0.0,0.537,1.058,0.0
380,131,39,0.227,5.9628911,0,0.227,0.527,0.439,0.403,0.007,1.616,0.318,0.0,1.616,0.263,1|101,1.616|1.608,0.0,1.616,0.0,0.0,0.0,0.585,0.0,0.0,0.0,0.0,0.0,0.814,0.633,0.706,0.0,0.0,0.0,0.0,0.0,1.13,0.587,0.0,0.731,0.568,0.81,0.0,0.0,0.603,0.0,0.686,0.0,0.0,1.246,1.424,0.0,0.0,0.0,0.0,0.0,0.639,1.192,0.0,0.0,0.0,0.91,0.0,0.0,0.0,0.689,0.883,0.0,0.0,0.0,0.0,0.0,0.664,0.0,1.093,0.0,0.0,0.0,0.0,0.0,1.409,0.0,0.0,0.0,0.0,0.0,0.0,0.0,0.0,0.0,0.0,0.888,0.0,1.205,0.624,0.0,0.0,0.0,0.779,0.0,0.0,0.0,0.0,0.0,0.0,0.0,0.891,0.0,0.0,0.0,0.767,0.0,0.0,0.0,0.813,0.0,0.0,0.0,1.608,0.615,0.0,0.539,0.0,0.0,0.602,0.0,0.0,0.0,0.0,0.814,0.0,0.0,0.0,0.0,0.939,0.0,0.0,1.411,0.0,0.0,0.0,0.773,0.0,0.0,0.0,0.536,1.059,0.0
390,131,38,0.187,5.9215775,0,0.187,0.527,0.439,0.403,0.007,1.69,0.323,0.0,1.69,0.265,1|101,1.69|1.673,0.0,1.69,0.0,0.0,0.0,0.638,0.0,0.0,0.0,0.0,0.0,0.809,0.635,0.759,0.0,0.0,0.0,0.0,0.0,1.101,0.56,0.0,0.737,0.525,0.817,0.0,0.0,0.658,0.0,0.703,0.0,0.0,1.272,1.444,0.0,0.0,0.0,0.0,0.0,0.662,1.222,0.0,0.0,0.0,0.916,0.0,0.0,0.0,0.729,0.89,0.0,0.0,0.0,0.0,0.0,0.643,0.0,1.126,0.0,0.0,0.0,0.0,0.0,1.417,0.0,0.0,0.0,0.0,0.0,0.0,0.0,0.0,0.0,0.0,0.932,0.0,1.265,0.605,0.0,0.0,0.0,0.809,0.0,0.0,0.0,0.0,0.0,0.0,0.0,0.932,0.0,0.0,0.0,0.783,0.0,0.0,0.0,0.855,0.0,0.0,0.0,1.673,0.629,0.0,0.586,0.0,0.0,0.636,0.0,0.0,0.0,0.0,0.793,0.0,0.0,0.0,0.0,0.982,0.0,0.0,1.443,0.0,0.0,0.0,0.766,0.0,0.0,0.0,0.0,1.111,0.0
400,131,38,0.134,5.9121675,0,0.134,0.527,0.439,0.403,0.008,1.696,0.325,0.0,1.696,0.267,1|101,1.696|1.663,0.0,1.696,0.0,0.0,0.0,0.642,0.0,0.0,0.0,0.0,0.0,0.859,0.663,0.745,0.0,0.0,0.0,0.0,0.0,1.098,0.555,0.0,0.749,0.541,0.821,0.0,0.0,0.631,0.0,0.721,0.0,0.0,1.273,1.452,0.0,0.0,0.0,0.0,0.0,0.646,1.234,0.0,0.0,0.0,0.949,0.0,0.0,0.0,0.728,0.867,0.0,0.0,0.0,0.0,0.0,0.648,0.0,1.113,0.0,0.0,0.0,0.0,0.0,1.42,0.0,0.0,0.0,0.0,0.0,0.0,0.0,0.0,0.0,0.0,0.954,0.0,1.276,0.582,0.0,0.0,0.0,0.821,0.0,0.0,0.0,0.0,0.0,0.0,0.0,0.928,0.0,0.0,0.0,0.763,0.0,0.0,0.0,0.88,0.0,0.0,0.0,1.663,0.596,0.0,0.619,0.0,0.0,0.637,0.0,0.0,0.0,0.0,0.768,0.0,0.0,0.0,0.0,1.021,0.0,0.0,1.46,0.0,0.0,0.0,0.798,0.0,0.0,0.0,0.0,1.173,0.0
410,131,38,0.106,5.9038572,0,0.106,0.527,0.439,0.403,0.008,1.688,0.326,0.0,1.688,0.268,1|101,1.688|1.677,0.0,1.688,0.0,0.0,0.0,0.636,0.0,0.0,0.0,0.0,0.0,0.868,0.652,0.745,0.0,0.0,0.0,0.0,0.0,1.086,0.551,0.0,0.745,0.571,0.823,0.0,0.0,0.609,0.0,0.719,0.0,0.0,1.289,1.459,0.0,0.0,0.0,0.0,0.0,0.669,1.257,0.0,0.0,0.0,0.958,0.0,0.0,0.0,0.734,0.872,0.0,0.0,0.0,0.0,0.0,0.648,0.0,1.126,0.0,0.0,0.0,0.0,0.0,1.421,0.0,0.0,0.0,0.0,0.0,0.0,0.0,0.0,0.0,0.0,0.945,0.0,1.315,0.569,0.0,0.0,0.0,0.84,0.0,0.0,0.0,0.0,0.0,0.0,0.0,0.904,0.0,0.0,0.0,0.75,0.0,0.0,0.0,0.889,0.0,0.0,0.0,1.677,0.613,0.0,0.625,0.0,0.0,0.637,0.0,0.0,0.0,0.0,0.773,0.0,0.0,0.0,0.0,1.01,0.0,0.0,1.465,0.0,0.0,0.0,0.818,0.0,0.0,0.0,0.0,1.181,0.0
420,131,38,0.088,5.9030495,0,0.088,0.527,0.439,0.403,0.007,1.688,0.328,0.0,1.688,0.27,1|101,1.688|1.683,0.0,1.688,0.0,0.0,0.0,0.634,0.0,0.0,0.0,0.0,0.0,0.874,0.646,0.74,0.0,0.0,0.0,0.0,0.0,1.089,0.551,0.0,0.771,0.561,0.821,0.0,0.0,0.608,0.0,0.733,0.0,0.0,1.305,1.464,0.0,0.0,0.0,0.0,0.0,0.687,1.274,0.0,0.0,0.0,0.953,0.0,0.0,0.0,0.745,0.879,0.0,0.0,0.0,0.0,0.0,0.65,0.0,1.144,0.0,0.0,0.0,0.0,0.0,1.435,0.0,0.0,0.0,0.0,0.0,0.0,0.0,0.0,0.0,0.0,0.966,0.0,1.336,0.57,0.0,0.0,0.0,0.841,0.0,0.0,0.0,0.0,0.0,0.0,0.0,0.907,0.0,0.0,0.0,0.743,0.0,0.0,0.0,0.905,0.0,0.0,0.0,1.683,0.629,0.0,0.636,0.0,0.0,0.645,0.0,0.0,0.0,0.0,0.791,0.0,0.0,0.0,0.0,1.015,0.0,0.0,1.466,0.0,0.0,0.0,0.83,0.0,0.0,0.0,0.0,1.168,0.0
430,131,38,0.076,5.905776,0,0.076,0.527,0.439,0.403,0.007,1.694,0.329,0.0,1.694,0.271,1|101,1.694|1.673,0.0,1.694,0.0,0.0,0.0,0.632,0.0,0.0,0.0,0.0,0.0,0.896,0.644,0.743,0.0,0.0,0.0,0.0,0.0,1.091,0.554,0.0,0.782,0.562,0.83,0.0,0.0,0.609,0.0,0.735,0.0,0.0,1.314,1.468,0.0,0.0,0.0,0.0,0.0,0.685,1.282,0.0,0.0,0.0,0.957,0.0,0.0,0.0,0.751,0.884,0.0,0.0,0.0,0.0,0.0,0.653,0.0,1.149,0.0,0.0,0.0,0.0,0.0,1.434,0.0,0.0,0.0,0.0,0.0,0.0,0.0,0.0,0.0,0.0,0.967,0.0,1.349,0.576,0.0,0.0,0.0,0.847,0.0,0.0,0.0,0.0,0.0,0.0,0.0,0.906,0.0,0.0,0.0,0.746,0.0,0.0,0.0,0.913,0.0,0.0,0.0,1.673,0.639,0.0,0.641,0.0,0.0,0.664,0.0,0.0,0.0,0.0,0.795,0.0,0.0,0.0,0.0,1.01,0.0,0.0,1.465,0.0,0.0,0.0,0.831,0.0,0.0,0.0,0.0,1.159,0.0
440,131,38,0.067,5.9066916,0,0.067,0.527,0.439,0.403,0.007,1.695,0.329,0.0,1.695,0.272,1|101,1.695|1.668,0.0,1.695,0.0,0.0,0.0,0.63,0.0,0.0,0.0,0.0,0.0,0.897,0.647,0.743,0.0,0.0,0.0,0.0,0.0,1.101,0.548,0.0,0.786,0.56,0.828,0.0,0.0,0.613,0.0,0.74,0.0,0.0,1.319,1.469,0.0,0.0,0.0,0.0,0.0,0.686,1.291,0.0,0.0,0.0,0.961,0.0,0.0,0.0,0.754,0.886,0.0,0.0,0.0,0.0,0.0,0.653,0.0,1.151,0.0,0.0,0.0,0.0,0.0,1.434,0.0,0.0,0.0,0.0,0.0,0.0,0.0,0.0,0.0,0.0,0.98,0.0,1.344,0.583,0.0,0.0,0.0,0.853,0.0,0.0,0.0,0.0,0.0,0.0,0.0,0.9,0.0,0.0,0.0,0.741,0.0,0.0,0.0,0.923,0.0,0.0,0.0,1.668,0.646,0.0,0.644,0.0,0.0,0.665,0.0,0.0,0.0,0.0,0.8,0.0,0.0,0.0,0.0,1.016,0.0,0.0,1.459,0.0,0.0,0.0,0.828,0.0,0.0,0.0,0.0,1.154,0.0
450,131,38,0.06,5.9072952,0,0.06,0.527,0.439,0.403,0.007,1.698,0.33,0.0,1.698,0.273,1|101,1.698|1.667,0.0,1.698,0.0,0.0,0.0,0.629,0.0,0.0,0.0,0.0,0.0,0.898,0.654,0.744,0.0,0.0,0.0,0.0,0.0,1.107,0.543,0.0,0.787,0.558,0.83,0.0,0.0,0.616,0.0,0.743,0.0,0.0,1.327,1.47,0.0,0.0,0.0,0.0,0.0,0.689,1.302,0.0,0.0,0.0,0.965,0.0,0.0,0.0,0.761,0.89,0.0,0.0,0.0,0.0,0.0,0.653,0.0,1.157,0.0,0.0,0.0,0.0,0.0,1.439,0.0,0.0,0.0,0.0,0.0,0.0,0.0,0.0,0.0,0.0,0.988,0.0,1.352,0.591,0.0,0.0,0.0,0.862,0.0,0.0,0.0,0.0,0.0,0.0,0.0,0.896,0.0,0.0,0.0,0.744,0.0,0.0,0.0,0.929,0.0,0.0,0.0,1.667,0.647,0.0,0.649,0.0,0.0,0.671,0.0,0.0,0.0,0.0,0.809,0.0,0.0,0.0,0.0,1.016,0.0,0.0,1.457,0.0,0.0,0.0,0.827,0.0,0.0,0.0,0.0,1.151,0.0
460,131,38,0.056,5.907877,0,0.056,0.527,0.439,0.403,0.007,1.701,0.331,0.0,1.701,0.273,1|101,1.701|1.668,0.0,1.701,0.0,0.0,0.0,0.631,0.0,0.0,0.0,0.0,0.0,0.898,0.658,0.745,0.0,0.0,0.0,0.0,0.0,1.11,0.539,0.0,0.791,0.56,0.833,0.0,0.0,0.618,0.0,0.746,0.0,0.0,1.333,1.471,0.0,0.0,0.0,0.0,0.0,0.69,1.308,0.0,0.0,0.0,0.966,0.0,0.0,0.0,0.765,0.89,0.0,0.0,0.0,0.0,0.0,0.653,0.0,1.161,0.0,0.0,0.0,0.0,0.0,1.441,0.0,0.0,0.0,0.0,0.0,0.0,0.0,0.0,0.0,0.0,0.995,0.0,1.357,0.597,0.0,0.0,0.0,0.867,0.0,0.0,0.0,0.0,0.0,0.0,0.0,0.893,0.0,0.0,0.0,0.746,0.0,0.0,0.0,0.938,0.0,0.0,0.0,1.668,0.643,0.0,0.654,0.0,0.0,0.68,0.0,0.0,0.0,0.0,0.814,0.0,0.0,0.0,0.0,1.019,0.0,0.0,1.455,0.0,0.0,0.0,0.824,0.0,0.0,0.0,0.0,1.144,0.0
470,131,38,0.049,5.9090209,0,0.049,0.527,0.439,0.403,0.007,1.702,0.332,0.0,1.702,0.274,1|101,1.702|1.667,0.0,1.702,0.0,0.0,0.0,0.632,0.0,0.0,0.0,0.0,0.0,0.9,0.659,0.75,0.0,0.0,0.0,0.0,0.0,1.109,0.537,0.0,0.791,0.559,0.834,0.0,0.0,0.618,0.0,0.751,0.0,0.0,1.337,1.469,0.0,0.0,0.0,0.0,0.0,0.691,1.314,0.0,0.0,0.0,0.972,0.0,0.0,0.0,0.769,0.893,0.0,0.0,0.0,0.0,0.0,0.653,0.0,1.166,0.0,0.0,0.0,0.0,0.0,1.446,0.0,0.0,0.0,0.0,0.0,0.0,0.0,0.0,0.0,0.0,0.999,0.0,1.359,0.606,0.0,0.0,0.0,0.871,0.0,0.0,0.0,0.0,0.0,0.0,0.0,0.892,0.0,0.0,0.0,0.746,0.0,0.0,0.0,0.937,0.0,0.0,0.0,1.667,0.644,0.0,0.66,0.0,0.0,0.682,0.0,0.0,0.0,0.0,0.81,0.0,0.0,0.0,0.0,1.017,0.0,0.0,1.451,0.0,0.0,0.0,0.824,0.0,0.0,0.0,0.0,1.138,0.0
480,131,38,0.046,5.9106579,0,0.046,0.527,0.439,0.403,0.007,1.698,0.332,0.0,1.698,0.274,1|101,1.698|1.669,0.0,1.698,0.0,0.0,0.0,0.633,0.0,0.0,0.0,0.0,0.0,0.905,0.662,0.752,0.0,0.0,0.0,0.0,0.0,1.11,0.535,0.0,0.794,0.557,0.835,0.0,0.0,0.616,0.0,0.755,0.0,0.0,1.342,1.467,0.0,0.0,0.0,0.0,0.0,0.694,1.318,0.0,0.0,0.0,0.974,0.0,0.0,0.0,0.773,0.893,0.0,0.0,0.0,0.0,0.0,0.652,0.0,1.169,0.0,0.0,0.0,0.0,0.0,1.448,0.0,0.0,0.0,0.0,0.0,0.0,0.0,0.0,0.0,0.0,1.006,0.0,1.359,0.611,0.0,0.0,0.0,0.873,0.0,0.0,0.0,0.0,0.0,0.0,0.0,0.891,0.0,0.0,0.0,0.75,0.0,0.0,0.0,0.937,0.0,0.0,0.0,1.669,0.642,0.0,0.666,0.0,0.0,0.685,0.0,0.0,0.0,0.0,0.809,0.0,0.0,0.0,0.0,1.015,0.0,0.0,1.446,0.0,0.0,0.0,0.823,0.0,0.0,0.0,0.0,1.134,0.0
490,131,38,0.041,5.9122462,0,0.041,0.527,0.439,0.403,0.007,1.7,0.333,0.0,1.7,0.274,1|101,1.7|1.674,0.0,1.7,0.0,0.0,0.0,0.633,0.0,0.0,0.0,0.0,0.0,0.904,0.667,0.75,0.0,0.0,0.0,0.0,0.0,1.107,0.534,0.0,0.796,0.554,0.842,0.0,0.0,0.622,0.0,0.757,0.0,0.0,1.345,1.467,0.0,0.0,0.0,0.0,0.0,0.696,1.321,0.0,0.0,0.0,0.975,0.0,0.0,0.0,0.779,0.893,0.0,0.0,0.0,0.0,0.0,0.65,0.0,1.17,0.0,0.0,0.0,0.0,0.0,1.451,0.0,0.0,0.0,0.0,0.0,0.0,0.0,0.0,0.0,0.0,1.008,0.0,1.36,0.617,0.0,0.0,0.0,0.875,0.0,0.0,0.0,0.0,0.0,0.0,0.0,0.893,0.0,0.0,0.0,0.754,0.0,0.0,0.0,0.941,0.0,0.0,0.0,1.674,0.639,0.0,0.671,0.0,0.0,0.689,0.0,0.0,0.0,0.0,0.81,0.0,0.0,0.0,0.0,1.017,0.0,0.0,1.441,0.0,0.0,0.0,0.819,0.0,0.0,0.0,0.0,1.131,0.0
