epoch,l0_cw,l0_s,props,mse_loss,l1_loss,lambda_value,loss,oa,aa,k,min_cw,max_cw,avg_cw,min_s,max_s,avg_s,selected_bands,selected_weights,weight_0,weight_1,weight_2,weight_3,weight_4,weight_5,weight_6,weight_7,weight_8,weight_9,weight_10,weight_11,weight_12,weight_13,weight_14,weight_15,weight_16,weight_17,weight_18,weight_19,weight_20,weight_21,weight_22,weight_23,weight_24,weight_25,weight_26,weight_27,weight_28,weight_29,weight_30,weight_31,weight_32,weight_33,weight_34,weight_35,weight_36,weight_37,weight_38,weight_39,weight_40,weight_41,weight_42,weight_43,weight_44,weight_45,weight_46,weight_47,weight_48,weight_49,weight_50,weight_51,weight_52,weight_53,weight_54,weight_55,weight_56,weight_57,weight_58,weight_59,weight_60,weight_61,weight_62,weight_63,weight_64,weight_65,weight_66,weight_67,weight_68,weight_69,weight_70,weight_71,weight_72,weight_73,weight_74,weight_75,weight_76,weight_77,weight_78,weight_79,weight_80,weight_81,weight_82,weight_83,weight_84,weight_85,weight_86,weight_87,weight_88,weight_89,weight_90,weight_91,weight_92,weight_93,weight_94,weight_95,weight_96,weight_97,weight_98,weight_99,weight_100,weight_101,weight_102,weight_103,weight_104,weight_105,weight_106,weight_107,weight_108,weight_109,weight_110,weight_111,weight_112,weight_113,weight_114,weight_115,weight_116,weight_117,weight_118,weight_119,weight_120,weight_121,weight_122,weight_123,weight_124,weight_125,weight_126,weight_127,weight_128,weight_129,weight_130,weight_131,weight_132,weight_133,weight_134,weight_135,weight_136,weight_137,weight_138,weight_139,weight_140,weight_141,weight_142,weight_143,weight_144,weight_145,weight_146,weight_147,weight_148,weight_149,weight_150,weight_151,weight_152,weight_153,weight_154,weight_155,weight_156,weight_157,weight_158,weight_159,weight_160,weight_161,weight_162,weight_163,weight_164,weight_165,weight_166,weight_167,weight_168,weight_169,weight_170,weight_171,weight_172,weight_173,weight_174,weight_175,weight_176,weight_177,weight_178,weight_179,weight_180,weight_181,weight_182,weight_183,weight_184,weight_185,weight_186,weight_187,weight_188,weight_189,weight_190,weight_191,weight_192,weight_193,weight_194,weight_195,weight_196,weight_197,weight_198,weight_199
0,200,200,0,2.836,0.0932403,0.01,2.837,0,0,0,0.009,0.341,0.093,0.009,0.341,0.093,65|161,0.341|0.287,0.099,0.231,0.096,0.041,0.154,0.174,0.025,0.054,0.154,0.029,0.129,0.049,0.014,0.065,0.035,0.085,0.028,0.05,0.044,0.139,0.093,0.058,0.035,0.131,0.029,0.162,0.025,0.097,0.055,0.106,0.232,0.102,0.069,0.04,0.022,0.149,0.111,0.141,0.073,0.137,0.193,0.042,0.059,0.07,0.095,0.026,0.102,0.035,0.2,0.185,0.125,0.111,0.045,0.067,0.159,0.156,0.05,0.118,0.074,0.119,0.211,0.035,0.113,0.101,0.147,0.341,0.23,0.046,0.163,0.102,0.067,0.046,0.089,0.142,0.039,0.105,0.18,0.051,0.136,0.071,0.072,0.069,0.064,0.062,0.075,0.191,0.184,0.114,0.102,0.105,0.043,0.139,0.092,0.023,0.065,0.162,0.031,0.078,0.064,0.013,0.036,0.079,0.094,0.101,0.037,0.023,0.11,0.254,0.094,0.083,0.15,0.112,0.028,0.084,0.06,0.028,0.102,0.044,0.018,0.127,0.066,0.058,0.012,0.118,0.055,0.171,0.081,0.015,0.06,0.104,0.079,0.103,0.143,0.173,0.093,0.134,0.095,0.042,0.055,0.114,0.072,0.044,0.065,0.014,0.048,0.09,0.102,0.06,0.075,0.052,0.175,0.106,0.178,0.233,0.031,0.086,0.124,0.076,0.067,0.136,0.034,0.287,0.028,0.027,0.036,0.05,0.034,0.068,0.127,0.009,0.102,0.153,0.061,0.034,0.084,0.199,0.07,0.05,0.063,0.058,0.056,0.182,0.021,0.058,0.063,0.092,0.092,0.23,0.017,0.13,0.03,0.077,0.041,0.169,0.096,0.26,0.032,0.23,0.08,0.098
10,200,200,0,1.195,0.3088523,0.01,1.198,0,0,0,0.016,1.104,0.309,0.016,1.104,0.309,161|77,1.104|0.976,0.038,0.85,0.289,0.345,0.189,0.039,0.178,0.299,0.413,0.268,0.487,0.163,0.366,0.399,0.223,0.165,0.377,0.082,0.354,0.445,0.207,0.219,0.017,0.433,0.478,0.609,0.128,0.264,0.711,0.019,0.063,0.58,0.306,0.072,0.624,0.705,0.588,0.588,0.216,0.285,0.229,0.606,0.459,0.504,0.049,0.423,0.182,0.19,0.277,0.191,0.172,0.542,0.299,0.112,0.288,0.074,0.286,0.355,0.14,0.201,0.439,0.288,0.279,0.305,0.447,0.121,0.099,0.489,0.233,0.353,0.458,0.121,0.14,0.238,0.226,0.213,0.143,0.976,0.579,0.562,0.179,0.101,0.262,0.055,0.48,0.189,0.39,0.441,0.32,0.109,0.184,0.585,0.325,0.275,0.02,0.157,0.361,0.135,0.63,0.194,0.291,0.26,0.159,0.086,0.406,0.17,0.142,0.894,0.028,0.037,0.588,0.496,0.526,0.352,0.316,0.119,0.124,0.071,0.078,0.27,0.084,0.212,0.128,0.295,0.237,0.166,0.377,0.165,0.379,0.016,0.546,0.109,0.706,0.321,0.174,0.085,0.044,0.091,0.51,0.277,0.173,0.441,0.243,0.045,0.191,0.156,0.203,0.211,0.265,0.178,0.401,0.13,0.093,0.775,0.179,0.544,0.428,0.223,0.377,0.439,0.477,1.104,0.565,0.107,0.166,0.461,0.326,0.091,0.694,0.484,0.345,0.461,0.475,0.209,0.263,0.644,0.093,0.111,0.247,0.633,0.073,0.236,0.093,0.372,0.397,0.462,0.081,0.233,0.498,0.579,0.067,0.592,0.329,0.38,0.272,0.745,0.382,0.661,0.309,0.263
20,200,200,0,0.88,0.3866078,0.01,0.884,0,0,0,0.008,1.413,0.387,0.008,1.413,0.387,161|77,1.413|1.349,0.035,0.784,0.481,0.564,0.455,0.062,0.4,0.286,0.723,0.303,0.844,0.206,0.31,0.561,0.438,0.153,0.421,0.097,0.629,0.71,0.362,0.321,0.008,0.605,0.64,0.762,0.107,0.315,0.805,0.022,0.098,0.611,0.449,0.133,0.83,1.139,0.668,0.822,0.188,0.171,0.343,0.872,0.505,0.572,0.188,0.489,0.288,0.173,0.413,0.292,0.177,0.664,0.312,0.184,0.343,0.012,0.315,0.304,0.124,0.273,0.203,0.226,0.345,0.418,0.405,0.124,0.191,0.568,0.27,0.359,0.513,0.215,0.27,0.234,0.129,0.212,0.062,1.349,0.719,0.768,0.231,0.346,0.314,0.02,0.517,0.155,0.547,0.354,0.298,0.231,0.319,0.688,0.444,0.287,0.094,0.049,0.266,0.321,0.912,0.321,0.503,0.322,0.018,0.032,0.198,0.254,0.141,1.017,0.065,0.078,0.642,0.674,0.637,0.36,0.449,0.092,0.032,0.168,0.138,0.35,0.131,0.347,0.146,0.363,0.403,0.123,0.509,0.071,0.664,0.01,0.649,0.209,0.922,0.398,0.223,0.018,0.027,0.26,0.613,0.414,0.42,0.509,0.452,0.074,0.08,0.156,0.264,0.283,0.315,0.399,0.534,0.182,0.059,1.063,0.118,0.618,0.398,0.305,0.585,0.646,0.771,1.413,0.793,0.194,0.289,0.507,0.37,0.14,0.874,0.549,0.409,0.568,0.645,0.263,0.333,0.695,0.061,0.134,0.354,0.894,0.079,0.322,0.145,0.798,0.529,0.486,0.081,0.223,0.595,0.862,0.04,0.726,0.298,0.264,0.401,0.871,0.633,0.588,0.295,0.037
30,200,200,0,0.709,0.414211,0.01,0.713,0,0,0,0.008,1.547,0.414,0.008,1.547,0.414,161|77,1.547|1.431,0.13,0.49,0.61,0.554,0.655,0.071,0.632,0.3,0.88,0.425,0.948,0.187,0.196,0.685,0.517,0.165,0.343,0.139,0.881,0.787,0.293,0.375,0.045,0.714,0.712,0.93,0.021,0.279,0.64,0.017,0.014,0.709,0.528,0.238,1.054,1.411,0.766,0.853,0.181,0.065,0.39,0.975,0.549,0.606,0.287,0.483,0.347,0.163,0.401,0.455,0.331,0.813,0.29,0.051,0.407,0.03,0.238,0.276,0.099,0.336,0.18,0.204,0.322,0.446,0.377,0.167,0.16,0.588,0.261,0.388,0.467,0.265,0.295,0.145,0.031,0.106,0.033,1.431,0.862,0.983,0.278,0.519,0.222,0.151,0.434,0.096,0.612,0.259,0.186,0.182,0.444,0.71,0.533,0.212,0.196,0.028,0.146,0.434,1.032,0.418,0.536,0.269,0.111,0.022,0.083,0.134,0.092,1.005,0.093,0.104,0.652,0.797,0.79,0.343,0.473,0.069,0.023,0.127,0.126,0.364,0.251,0.427,0.161,0.373,0.385,0.132,0.512,0.059,0.778,0.008,0.613,0.262,1.024,0.386,0.216,0.131,0.058,0.329,0.649,0.474,0.49,0.684,0.513,0.052,0.022,0.125,0.484,0.304,0.335,0.64,0.545,0.18,0.059,1.257,0.07,0.728,0.407,0.33,0.659,0.681,0.946,1.547,0.96,0.158,0.331,0.639,0.325,0.203,0.933,0.604,0.447,0.67,0.633,0.213,0.263,0.656,0.045,0.128,0.402,1.022,0.188,0.377,0.111,0.91,0.557,0.478,0.075,0.175,0.528,0.983,0.031,0.69,0.297,0.113,0.343,0.725,0.584,0.488,0.23,0.06
40,200,200,0,0.593,0.4248403,0.01,0.597,0,0,0,0.01,1.724,0.425,0.01,1.724,0.425,161|35,1.724|1.516,0.087,0.354,0.534,0.45,0.645,0.069,0.817,0.377,0.949,0.457,1.02,0.148,0.137,0.759,0.509,0.208,0.267,0.202,0.896,0.77,0.267,0.403,0.014,0.71,0.809,0.923,0.065,0.196,0.568,0.039,0.048,0.744,0.49,0.383,1.211,1.516,0.785,0.892,0.277,0.128,0.46,1.127,0.553,0.699,0.368,0.434,0.412,0.133,0.354,0.506,0.43,0.906,0.276,0.114,0.409,0.039,0.197,0.317,0.131,0.355,0.27,0.157,0.22,0.47,0.403,0.162,0.139,0.697,0.288,0.446,0.41,0.328,0.415,0.112,0.089,0.154,0.067,1.314,0.859,1.075,0.373,0.651,0.19,0.164,0.34,0.026,0.464,0.155,0.188,0.179,0.428,0.714,0.577,0.14,0.18,0.055,0.166,0.43,1.044,0.53,0.589,0.242,0.111,0.059,0.055,0.138,0.02,0.93,0.081,0.081,0.679,0.884,0.784,0.287,0.432,0.059,0.033,0.136,0.052,0.33,0.278,0.506,0.234,0.394,0.31,0.175,0.53,0.069,0.798,0.043,0.61,0.276,1.048,0.347,0.191,0.14,0.12,0.344,0.696,0.41,0.529,0.72,0.443,0.046,0.046,0.101,0.539,0.345,0.444,0.729,0.577,0.146,0.059,1.338,0.014,0.66,0.414,0.301,0.659,0.698,1.05,1.724,0.997,0.21,0.328,0.641,0.282,0.238,0.958,0.648,0.51,0.782,0.642,0.229,0.237,0.712,0.039,0.153,0.382,0.979,0.244,0.501,0.088,0.941,0.536,0.524,0.073,0.117,0.504,1.009,0.01,0.636,0.347,0.016,0.248,0.544,0.572,0.379,0.102,0.111
50,200,200,0,0.512,0.4312731,0.01,0.516,0,0,0,0.008,1.763,0.431,0.008,1.763,0.431,161|35,1.763|1.592,0.074,0.387,0.445,0.42,0.667,0.075,0.976,0.361,0.929,0.462,1.012,0.067,0.074,0.717,0.571,0.202,0.242,0.306,0.847,0.741,0.16,0.452,0.108,0.758,0.857,0.935,0.069,0.083,0.527,0.034,0.068,0.735,0.51,0.406,1.319,1.592,0.831,0.903,0.26,0.191,0.509,1.25,0.578,0.671,0.443,0.42,0.467,0.112,0.332,0.549,0.49,0.961,0.336,0.066,0.329,0.04,0.192,0.378,0.075,0.37,0.149,0.083,0.145,0.469,0.354,0.123,0.141,0.759,0.303,0.513,0.404,0.324,0.526,0.082,0.113,0.159,0.104,1.179,0.872,1.146,0.514,0.686,0.14,0.18,0.316,0.124,0.411,0.165,0.094,0.238,0.464,0.766,0.515,0.172,0.199,0.053,0.231,0.412,1.049,0.531,0.595,0.279,0.029,0.104,0.09,0.097,0.008,0.854,0.09,0.072,0.645,0.914,0.824,0.258,0.4,0.041,0.035,0.081,0.13,0.276,0.277,0.59,0.138,0.492,0.315,0.254,0.55,0.017,0.81,0.161,0.61,0.173,1.037,0.372,0.225,0.089,0.155,0.394,0.726,0.408,0.59,0.754,0.471,0.036,0.051,0.064,0.639,0.388,0.523,0.804,0.52,0.178,0.052,1.301,0.052,0.665,0.407,0.223,0.717,0.733,1.103,1.763,0.96,0.196,0.317,0.623,0.178,0.234,0.979,0.598,0.568,0.842,0.725,0.274,0.248,0.76,0.022,0.191,0.475,0.907,0.274,0.479,0.065,0.944,0.576,0.525,0.067,0.052,0.534,1.032,0.109,0.599,0.442,0.14,0.196,0.443,0.421,0.343,0.076,0.042
60,200,200,0,0.461,0.4366487,0.01,0.466,0,0,0,0.014,1.832,0.437,0.014,1.832,0.437,161|35,1.832|1.607,0.077,0.392,0.322,0.45,0.64,0.111,1.065,0.504,0.909,0.403,1.038,0.034,0.086,0.67,0.602,0.227,0.207,0.307,0.799,0.672,0.179,0.557,0.066,0.766,0.926,0.952,0.088,0.048,0.541,0.153,0.211,0.76,0.528,0.43,1.428,1.607,0.887,0.913,0.342,0.179,0.501,1.237,0.599,0.712,0.477,0.484,0.538,0.056,0.371,0.568,0.505,1.043,0.41,0.077,0.294,0.051,0.157,0.383,0.03,0.507,0.187,0.05,0.117,0.462,0.363,0.147,0.091,0.757,0.296,0.496,0.47,0.324,0.552,0.077,0.1,0.17,0.086,1.025,0.866,1.159,0.587,0.613,0.061,0.182,0.283,0.017,0.379,0.21,0.171,0.283,0.478,0.725,0.478,0.232,0.209,0.143,0.265,0.439,1.027,0.614,0.62,0.333,0.019,0.094,0.095,0.154,0.089,0.806,0.044,0.11,0.604,0.923,0.758,0.224,0.379,0.084,0.029,0.039,0.161,0.228,0.237,0.559,0.182,0.452,0.334,0.298,0.533,0.014,0.788,0.227,0.65,0.115,1.06,0.352,0.265,0.115,0.118,0.396,0.709,0.352,0.545,0.721,0.41,0.085,0.082,0.091,0.67,0.447,0.654,0.897,0.461,0.221,0.033,1.328,0.064,0.561,0.404,0.208,0.728,0.784,1.088,1.832,0.943,0.251,0.327,0.533,0.063,0.271,0.937,0.609,0.524,0.913,0.747,0.343,0.243,0.781,0.105,0.233,0.505,0.811,0.334,0.47,0.035,0.92,0.623,0.516,0.021,0.033,0.56,1.034,0.117,0.562,0.443,0.033,0.185,0.378,0.36,0.3,0.101,0.037
70,200,200,0,0.396,0.4370187,0.01,0.4,0,0,0,0.01,1.865,0.437,0.01,1.865,0.437,161|35,1.865|1.646,0.111,0.327,0.254,0.474,0.65,0.14,1.182,0.621,0.9,0.354,1.022,0.022,0.137,0.651,0.617,0.226,0.181,0.32,0.801,0.665,0.239,0.608,0.069,0.788,0.941,0.993,0.075,0.077,0.531,0.114,0.202,0.727,0.481,0.46,1.481,1.646,0.88,0.932,0.419,0.099,0.597,1.282,0.578,0.751,0.512,0.456,0.596,0.015,0.408,0.569,0.512,1.101,0.426,0.111,0.282,0.046,0.16,0.351,0.02,0.544,0.13,0.075,0.149,0.443,0.364,0.178,0.051,0.773,0.293,0.487,0.53,0.349,0.603,0.051,0.062,0.142,0.065,0.911,0.883,1.194,0.63,0.586,0.014,0.196,0.365,0.041,0.396,0.19,0.083,0.339,0.512,0.683,0.431,0.232,0.193,0.154,0.246,0.412,0.996,0.677,0.679,0.373,0.035,0.05,0.065,0.134,0.099,0.709,0.052,0.116,0.602,0.923,0.727,0.223,0.38,0.074,0.025,0.076,0.132,0.209,0.222,0.545,0.177,0.435,0.302,0.293,0.503,0.025,0.76,0.255,0.667,0.051,1.064,0.357,0.283,0.107,0.113,0.401,0.7,0.317,0.545,0.67,0.354,0.054,0.012,0.128,0.656,0.5,0.722,0.962,0.389,0.246,0.04,1.382,0.092,0.507,0.373,0.226,0.73,0.788,1.105,1.865,0.912,0.249,0.332,0.483,0.023,0.327,0.924,0.613,0.537,0.944,0.762,0.377,0.231,0.813,0.084,0.257,0.53,0.767,0.381,0.469,0.048,0.857,0.614,0.534,0.018,0.01,0.559,1.005,0.091,0.506,0.422,0.018,0.186,0.284,0.341,0.259,0.138,0.048
80,200,200,0,0.367,0.4376314,0.01,0.371,0,0,0,0.011,1.869,0.438,0.011,1.869,0.438,161|35,1.869|1.644,0.078,0.259,0.242,0.42,0.649,0.184,1.26,0.683,0.874,0.33,0.986,0.011,0.102,0.638,0.637,0.216,0.175,0.358,0.772,0.685,0.263,0.619,0.071,0.813,0.964,1.003,0.052,0.026,0.489,0.085,0.192,0.734,0.416,0.51,1.473,1.644,0.873,0.96,0.452,0.04,0.609,1.292,0.611,0.801,0.529,0.438,0.591,0.017,0.391,0.542,0.521,1.133,0.454,0.049,0.257,0.021,0.187,0.372,0.029,0.577,0.167,0.072,0.138,0.386,0.368,0.16,0.076,0.795,0.298,0.498,0.568,0.353,0.645,0.021,0.103,0.124,0.024,0.821,0.873,1.156,0.666,0.614,0.089,0.208,0.417,0.144,0.375,0.18,0.133,0.342,0.436,0.667,0.388,0.215,0.168,0.131,0.217,0.436,0.95,0.722,0.724,0.409,0.043,0.096,0.055,0.098,0.084,0.648,0.055,0.099,0.646,0.918,0.708,0.179,0.378,0.031,0.033,0.108,0.119,0.174,0.254,0.543,0.177,0.46,0.331,0.322,0.542,0.02,0.748,0.262,0.69,0.045,1.085,0.341,0.275,0.095,0.14,0.4,0.735,0.314,0.582,0.669,0.357,0.06,0.018,0.124,0.569,0.524,0.8,1.007,0.332,0.24,0.032,1.377,0.15,0.475,0.301,0.217,0.73,0.808,1.109,1.869,0.862,0.257,0.331,0.487,0.019,0.345,0.887,0.612,0.572,0.957,0.773,0.395,0.209,0.844,0.077,0.294,0.543,0.757,0.403,0.525,0.03,0.828,0.602,0.578,0.021,0.019,0.562,1.007,0.053,0.473,0.354,0.058,0.156,0.24,0.394,0.286,0.151,0.026
90,200,200,0,0.319,0.439092,0.01,0.324,0,0,0,0.014,1.881,0.439,0.014,1.881,0.439,161|35,1.881|1.622,0.092,0.216,0.232,0.32,0.638,0.26,1.283,0.746,0.834,0.286,0.907,0.022,0.061,0.633,0.656,0.225,0.143,0.408,0.762,0.7,0.258,0.632,0.061,0.854,0.985,0.972,0.044,0.085,0.506,0.056,0.172,0.755,0.385,0.553,1.472,1.622,0.858,1.013,0.497,0.027,0.643,1.336,0.624,0.868,0.521,0.435,0.613,0.026,0.402,0.578,0.49,1.181,0.483,0.018,0.241,0.027,0.189,0.425,0.029,0.613,0.104,0.098,0.076,0.398,0.346,0.155,0.041,0.812,0.286,0.458,0.592,0.358,0.648,0.106,0.066,0.128,0.037,0.784,0.892,1.091,0.68,0.641,0.128,0.257,0.411,0.178,0.428,0.229,0.106,0.361,0.433,0.701,0.335,0.188,0.187,0.103,0.221,0.451,0.958,0.708,0.762,0.396,0.022,0.047,0.05,0.064,0.062,0.59,0.063,0.091,0.669,0.933,0.763,0.2,0.367,0.021,0.032,0.165,0.116,0.161,0.263,0.571,0.188,0.468,0.331,0.331,0.559,0.014,0.769,0.219,0.678,0.08,1.119,0.313,0.286,0.079,0.153,0.416,0.763,0.309,0.589,0.667,0.372,0.064,0.017,0.137,0.533,0.573,0.895,1.021,0.267,0.245,0.099,1.385,0.203,0.464,0.274,0.22,0.718,0.833,1.144,1.881,0.837,0.247,0.323,0.464,0.018,0.334,0.847,0.592,0.562,0.956,0.75,0.414,0.196,0.83,0.051,0.302,0.541,0.731,0.402,0.54,0.073,0.784,0.603,0.544,0.071,0.018,0.538,0.981,0.022,0.441,0.318,0.027,0.166,0.206,0.412,0.277,0.122,0.042
100,200,200,0,0.287,0.4369141,0.01,0.291,0,0,0,0.011,1.888,0.437,0.011,1.888,0.437,161|35,1.888|1.592,0.093,0.154,0.227,0.276,0.606,0.328,1.266,0.768,0.809,0.276,0.862,0.082,0.024,0.592,0.635,0.21,0.149,0.425,0.723,0.685,0.263,0.623,0.072,0.867,0.987,0.963,0.038,0.081,0.521,0.055,0.176,0.759,0.319,0.596,1.452,1.592,0.879,1.003,0.553,0.026,0.677,1.322,0.603,0.878,0.496,0.372,0.607,0.022,0.374,0.546,0.496,1.198,0.499,0.011,0.246,0.029,0.199,0.42,0.036,0.615,0.152,0.099,0.105,0.396,0.339,0.154,0.015,0.813,0.264,0.463,0.587,0.36,0.633,0.114,0.035,0.122,0.071,0.749,0.911,1.067,0.66,0.629,0.097,0.239,0.414,0.214,0.429,0.253,0.126,0.349,0.475,0.664,0.305,0.154,0.163,0.081,0.228,0.439,0.949,0.718,0.775,0.383,0.028,0.105,0.047,0.095,0.029,0.533,0.064,0.094,0.647,0.943,0.792,0.225,0.374,0.021,0.035,0.16,0.105,0.163,0.263,0.563,0.175,0.466,0.321,0.3,0.558,0.018,0.791,0.208,0.691,0.076,1.154,0.3,0.254,0.092,0.156,0.432,0.736,0.324,0.616,0.659,0.335,0.044,0.017,0.122,0.497,0.618,0.954,1.02,0.235,0.269,0.111,1.379,0.256,0.44,0.246,0.229,0.686,0.859,1.115,1.888,0.817,0.251,0.307,0.485,0.034,0.347,0.828,0.594,0.575,0.965,0.749,0.429,0.186,0.836,0.038,0.358,0.566,0.708,0.425,0.542,0.085,0.77,0.628,0.538,0.1,0.018,0.538,0.925,0.068,0.397,0.28,0.012,0.173,0.19,0.401,0.277,0.102,0.047
110,200,200,0,0.258,0.4326216,0.01,0.263,0,0,0,0.01,1.869,0.433,0.01,1.869,0.433,161|35,1.869|1.575,0.106,0.155,0.23,0.268,0.583,0.357,1.273,0.765,0.803,0.25,0.831,0.052,0.034,0.577,0.619,0.204,0.143,0.442,0.667,0.657,0.277,0.622,0.071,0.884,0.988,0.946,0.035,0.063,0.497,0.046,0.179,0.758,0.319,0.603,1.43,1.575,0.893,1.002,0.568,0.025,0.704,1.316,0.613,0.853,0.478,0.355,0.595,0.025,0.346,0.517,0.492,1.199,0.516,0.015,0.235,0.021,0.177,0.459,0.056,0.623,0.121,0.092,0.102,0.383,0.326,0.155,0.014,0.813,0.275,0.482,0.553,0.372,0.631,0.091,0.032,0.083,0.068,0.725,0.941,1.078,0.648,0.622,0.084,0.228,0.41,0.222,0.385,0.231,0.139,0.319,0.442,0.645,0.297,0.121,0.191,0.086,0.262,0.448,0.914,0.757,0.765,0.411,0.023,0.096,0.053,0.153,0.027,0.501,0.079,0.089,0.642,0.916,0.838,0.23,0.399,0.021,0.026,0.168,0.107,0.159,0.24,0.551,0.158,0.463,0.321,0.295,0.513,0.012,0.782,0.217,0.723,0.049,1.161,0.294,0.24,0.086,0.166,0.407,0.71,0.305,0.643,0.63,0.307,0.033,0.016,0.09,0.444,0.652,0.999,0.99,0.215,0.285,0.101,1.358,0.306,0.39,0.239,0.203,0.688,0.854,1.088,1.869,0.833,0.249,0.287,0.466,0.051,0.398,0.781,0.588,0.578,0.957,0.758,0.412,0.163,0.872,0.033,0.374,0.572,0.698,0.461,0.568,0.093,0.764,0.629,0.542,0.125,0.01,0.535,0.889,0.08,0.367,0.229,0.011,0.164,0.184,0.406,0.271,0.107,0.045
120,200,200,0,0.251,0.4300581,0.01,0.256,0,0,0,0.009,1.869,0.43,0.009,1.869,0.43,161|35,1.869|1.591,0.094,0.178,0.225,0.252,0.539,0.389,1.239,0.745,0.798,0.256,0.803,0.062,0.029,0.574,0.626,0.196,0.147,0.418,0.689,0.651,0.247,0.61,0.056,0.867,0.965,0.942,0.032,0.052,0.528,0.048,0.18,0.747,0.308,0.615,1.417,1.591,0.899,1.003,0.58,0.039,0.703,1.3,0.58,0.86,0.486,0.342,0.592,0.024,0.358,0.5,0.475,1.212,0.55,0.026,0.225,0.016,0.191,0.502,0.065,0.629,0.125,0.082,0.124,0.356,0.352,0.13,0.013,0.811,0.27,0.48,0.522,0.365,0.617,0.088,0.051,0.09,0.07,0.708,0.922,1.04,0.667,0.593,0.052,0.233,0.413,0.25,0.367,0.215,0.132,0.324,0.483,0.62,0.273,0.118,0.192,0.084,0.284,0.446,0.902,0.778,0.754,0.409,0.029,0.103,0.07,0.136,0.036,0.462,0.083,0.092,0.657,0.912,0.835,0.208,0.386,0.021,0.059,0.164,0.09,0.135,0.215,0.522,0.133,0.466,0.331,0.293,0.499,0.014,0.775,0.226,0.747,0.035,1.162,0.307,0.223,0.079,0.166,0.421,0.681,0.307,0.668,0.609,0.296,0.034,0.016,0.122,0.428,0.706,1.031,0.99,0.203,0.29,0.095,1.327,0.336,0.352,0.212,0.207,0.684,0.848,1.076,1.869,0.823,0.259,0.269,0.491,0.036,0.419,0.74,0.57,0.584,0.954,0.755,0.421,0.137,0.86,0.031,0.415,0.598,0.707,0.473,0.596,0.076,0.747,0.63,0.55,0.121,0.009,0.534,0.859,0.055,0.34,0.175,0.022,0.176,0.169,0.405,0.276,0.121,0.055
130,200,200,0,0.223,0.4319367,0.01,0.227,0,0,0,0.01,1.861,0.432,0.01,1.861,0.432,161|35,1.861|1.567,0.064,0.21,0.211,0.241,0.528,0.448,1.219,0.773,0.817,0.259,0.802,0.09,0.024,0.559,0.594,0.208,0.114,0.418,0.663,0.65,0.271,0.583,0.075,0.867,0.961,0.903,0.06,0.026,0.526,0.052,0.197,0.782,0.26,0.616,1.413,1.567,0.9,1.0,0.634,0.052,0.746,1.288,0.549,0.82,0.49,0.305,0.597,0.02,0.351,0.512,0.504,1.21,0.585,0.01,0.223,0.095,0.208,0.544,0.064,0.663,0.116,0.042,0.143,0.372,0.332,0.14,0.015,0.853,0.257,0.462,0.498,0.367,0.669,0.08,0.04,0.128,0.083,0.721,0.929,1.022,0.652,0.589,0.031,0.231,0.376,0.289,0.375,0.219,0.126,0.323,0.443,0.641,0.262,0.108,0.193,0.111,0.32,0.462,0.912,0.835,0.795,0.401,0.032,0.075,0.073,0.154,0.012,0.476,0.094,0.106,0.615,0.938,0.851,0.203,0.443,0.081,0.04,0.139,0.082,0.139,0.203,0.549,0.17,0.458,0.377,0.266,0.481,0.088,0.784,0.218,0.778,0.017,1.189,0.301,0.215,0.078,0.169,0.447,0.694,0.294,0.692,0.59,0.286,0.036,0.015,0.148,0.404,0.712,1.012,0.976,0.159,0.262,0.061,1.347,0.288,0.332,0.225,0.212,0.673,0.878,1.058,1.861,0.815,0.29,0.263,0.473,0.045,0.465,0.741,0.569,0.566,0.965,0.791,0.407,0.122,0.868,0.055,0.447,0.572,0.683,0.478,0.637,0.06,0.738,0.605,0.534,0.138,0.047,0.495,0.795,0.034,0.331,0.196,0.018,0.225,0.145,0.386,0.275,0.111,0.066
140,200,200,0,0.202,0.4302127,0.01,0.206,0,0,0,0.013,1.85,0.43,0.013,1.85,0.43,161|35,1.85|1.547,0.115,0.217,0.215,0.237,0.504,0.482,1.207,0.762,0.823,0.265,0.769,0.082,0.021,0.56,0.605,0.191,0.118,0.462,0.691,0.652,0.252,0.601,0.059,0.852,0.957,0.901,0.071,0.024,0.539,0.044,0.194,0.77,0.227,0.633,1.389,1.547,0.911,1.006,0.664,0.056,0.762,1.254,0.53,0.857,0.494,0.309,0.592,0.018,0.348,0.502,0.504,1.212,0.597,0.029,0.215,0.075,0.199,0.567,0.088,0.662,0.136,0.042,0.145,0.365,0.319,0.109,0.015,0.862,0.265,0.475,0.508,0.38,0.665,0.08,0.047,0.09,0.105,0.724,0.932,0.998,0.657,0.588,0.038,0.23,0.359,0.284,0.369,0.226,0.176,0.308,0.416,0.638,0.253,0.109,0.232,0.131,0.302,0.43,0.873,0.808,0.801,0.405,0.057,0.076,0.078,0.126,0.014,0.434,0.106,0.11,0.59,0.927,0.869,0.215,0.429,0.08,0.03,0.152,0.076,0.125,0.205,0.525,0.159,0.461,0.383,0.269,0.455,0.081,0.759,0.21,0.788,0.024,1.199,0.282,0.238,0.055,0.182,0.468,0.685,0.289,0.701,0.557,0.283,0.044,0.014,0.13,0.397,0.713,1.001,0.965,0.148,0.261,0.057,1.334,0.298,0.318,0.203,0.229,0.65,0.886,1.056,1.85,0.807,0.292,0.247,0.484,0.034,0.476,0.722,0.559,0.576,0.978,0.808,0.42,0.114,0.875,0.05,0.455,0.592,0.662,0.485,0.671,0.052,0.721,0.611,0.52,0.137,0.043,0.48,0.744,0.021,0.308,0.17,0.013,0.234,0.117,0.381,0.274,0.141,0.074
150,200,200,0,0.182,0.4275331,0.01,0.187,0,0,0,0.014,1.838,0.428,0.014,1.838,0.428,161|35,1.838|1.518,0.089,0.215,0.23,0.251,0.5,0.476,1.2,0.766,0.822,0.269,0.747,0.083,0.019,0.574,0.603,0.207,0.12,0.482,0.666,0.641,0.255,0.582,0.077,0.851,0.956,0.889,0.059,0.023,0.524,0.04,0.212,0.784,0.202,0.658,1.358,1.518,0.902,1.014,0.683,0.05,0.769,1.219,0.514,0.86,0.517,0.308,0.589,0.018,0.352,0.517,0.497,1.216,0.627,0.015,0.211,0.059,0.201,0.608,0.088,0.678,0.112,0.041,0.146,0.348,0.33,0.099,0.048,0.877,0.253,0.475,0.488,0.374,0.639,0.084,0.034,0.097,0.128,0.717,0.928,0.959,0.647,0.593,0.049,0.233,0.335,0.294,0.349,0.189,0.159,0.318,0.413,0.639,0.242,0.107,0.245,0.099,0.298,0.443,0.836,0.801,0.806,0.401,0.028,0.096,0.081,0.137,0.017,0.388,0.113,0.11,0.603,0.934,0.879,0.209,0.443,0.059,0.027,0.179,0.062,0.113,0.215,0.526,0.151,0.442,0.393,0.261,0.445,0.06,0.758,0.204,0.772,0.042,1.194,0.274,0.242,0.061,0.185,0.459,0.669,0.294,0.707,0.533,0.285,0.038,0.014,0.13,0.393,0.75,0.986,0.953,0.149,0.282,0.045,1.333,0.35,0.281,0.187,0.227,0.636,0.878,1.044,1.838,0.787,0.292,0.225,0.471,0.033,0.491,0.703,0.555,0.571,0.988,0.822,0.413,0.092,0.876,0.029,0.485,0.581,0.655,0.504,0.704,0.047,0.694,0.616,0.518,0.158,0.035,0.461,0.701,0.029,0.279,0.162,0.018,0.246,0.086,0.388,0.28,0.131,0.084
160,200,200,0,0.181,0.423537,0.01,0.186,0,0,0,0.012,1.806,0.424,0.012,1.806,0.424,161|35,1.806|1.497,0.097,0.221,0.222,0.24,0.478,0.5,1.179,0.768,0.819,0.283,0.736,0.107,0.013,0.575,0.595,0.216,0.119,0.487,0.654,0.634,0.256,0.576,0.098,0.841,0.955,0.869,0.054,0.024,0.524,0.038,0.233,0.794,0.199,0.665,1.343,1.497,0.914,1.005,0.705,0.052,0.774,1.183,0.499,0.85,0.516,0.3,0.585,0.017,0.363,0.499,0.476,1.196,0.631,0.013,0.213,0.053,0.211,0.627,0.1,0.673,0.112,0.041,0.146,0.327,0.325,0.101,0.046,0.889,0.229,0.475,0.464,0.374,0.637,0.083,0.035,0.102,0.145,0.696,0.922,0.917,0.637,0.599,0.05,0.229,0.314,0.289,0.352,0.197,0.175,0.315,0.408,0.644,0.256,0.113,0.275,0.093,0.313,0.437,0.809,0.784,0.818,0.386,0.023,0.077,0.099,0.158,0.013,0.34,0.128,0.115,0.6,0.926,0.875,0.22,0.44,0.046,0.028,0.185,0.06,0.107,0.219,0.502,0.142,0.433,0.388,0.268,0.414,0.045,0.741,0.2,0.768,0.05,1.183,0.26,0.233,0.047,0.188,0.444,0.643,0.295,0.709,0.523,0.29,0.04,0.015,0.128,0.379,0.757,0.974,0.949,0.142,0.29,0.039,1.324,0.368,0.249,0.173,0.256,0.623,0.874,1.03,1.806,0.762,0.286,0.209,0.47,0.031,0.505,0.683,0.555,0.579,0.996,0.827,0.404,0.084,0.873,0.033,0.489,0.581,0.624,0.514,0.73,0.045,0.653,0.59,0.506,0.186,0.018,0.451,0.641,0.027,0.251,0.137,0.012,0.236,0.08,0.395,0.272,0.13,0.083
170,200,200,0,0.171,0.4227436,0.01,0.175,0,0,0,0.012,1.807,0.423,0.012,1.807,0.423,161|35,1.807|1.49,0.09,0.224,0.221,0.246,0.453,0.522,1.163,0.757,0.826,0.299,0.74,0.132,0.053,0.559,0.61,0.208,0.131,0.491,0.63,0.636,0.259,0.574,0.101,0.839,0.957,0.863,0.036,0.021,0.519,0.032,0.238,0.814,0.191,0.65,1.322,1.49,0.93,1.008,0.714,0.046,0.798,1.173,0.495,0.85,0.512,0.318,0.581,0.017,0.4,0.525,0.47,1.203,0.649,0.014,0.224,0.064,0.201,0.654,0.107,0.679,0.116,0.047,0.17,0.314,0.341,0.101,0.021,0.887,0.253,0.473,0.453,0.392,0.609,0.119,0.049,0.121,0.154,0.679,0.89,0.919,0.637,0.58,0.053,0.23,0.324,0.31,0.346,0.199,0.155,0.305,0.369,0.625,0.24,0.127,0.289,0.068,0.286,0.427,0.786,0.796,0.796,0.396,0.024,0.075,0.093,0.166,0.063,0.316,0.143,0.115,0.598,0.928,0.866,0.192,0.457,0.028,0.032,0.208,0.053,0.103,0.214,0.5,0.132,0.418,0.408,0.258,0.408,0.026,0.727,0.213,0.763,0.048,1.162,0.252,0.23,0.043,0.169,0.422,0.629,0.3,0.697,0.506,0.3,0.04,0.014,0.108,0.391,0.78,0.953,0.942,0.139,0.281,0.031,1.317,0.385,0.234,0.143,0.272,0.626,0.872,1.022,1.807,0.74,0.297,0.197,0.467,0.026,0.528,0.646,0.553,0.563,0.988,0.828,0.393,0.082,0.861,0.039,0.493,0.58,0.615,0.519,0.75,0.042,0.656,0.591,0.514,0.196,0.038,0.439,0.607,0.027,0.237,0.132,0.012,0.246,0.075,0.42,0.28,0.151,0.09
180,200,200,0,0.148,0.4207933,0.01,0.152,0,0,0,0.011,1.768,0.421,0.011,1.768,0.421,161|35,1.768|1.449,0.101,0.239,0.209,0.257,0.432,0.528,1.141,0.761,0.822,0.3,0.725,0.137,0.039,0.552,0.611,0.229,0.162,0.513,0.627,0.649,0.257,0.563,0.096,0.833,0.949,0.835,0.032,0.034,0.536,0.033,0.245,0.838,0.173,0.65,1.298,1.449,0.927,1.008,0.734,0.068,0.799,1.153,0.487,0.874,0.522,0.292,0.582,0.02,0.396,0.504,0.465,1.175,0.657,0.015,0.207,0.044,0.196,0.692,0.125,0.685,0.112,0.04,0.149,0.317,0.348,0.099,0.012,0.909,0.239,0.483,0.436,0.389,0.592,0.106,0.044,0.116,0.18,0.673,0.88,0.888,0.626,0.605,0.044,0.236,0.307,0.319,0.321,0.204,0.164,0.32,0.357,0.636,0.252,0.126,0.311,0.096,0.294,0.419,0.763,0.763,0.797,0.372,0.023,0.066,0.096,0.168,0.08,0.288,0.161,0.119,0.602,0.928,0.881,0.22,0.462,0.024,0.029,0.212,0.053,0.078,0.206,0.495,0.126,0.418,0.402,0.268,0.399,0.011,0.716,0.206,0.762,0.036,1.161,0.248,0.25,0.018,0.191,0.433,0.603,0.306,0.719,0.508,0.323,0.043,0.014,0.118,0.395,0.772,0.938,0.93,0.119,0.297,0.035,1.31,0.397,0.22,0.148,0.289,0.609,0.858,1.018,1.768,0.738,0.304,0.187,0.459,0.022,0.535,0.643,0.555,0.567,1.003,0.83,0.401,0.065,0.847,0.036,0.485,0.576,0.586,0.541,0.762,0.043,0.634,0.577,0.488,0.221,0.026,0.431,0.563,0.03,0.214,0.124,0.014,0.264,0.077,0.409,0.275,0.151,0.079
190,200,200,0,0.147,0.4178332,0.01,0.151,0,0,0,0.009,1.758,0.418,0.009,1.758,0.418,161|35,1.758|1.43,0.099,0.229,0.221,0.281,0.41,0.525,1.107,0.735,0.834,0.322,0.707,0.163,0.009,0.535,0.617,0.234,0.181,0.53,0.618,0.65,0.267,0.563,0.101,0.825,0.93,0.816,0.031,0.041,0.525,0.032,0.246,0.819,0.176,0.635,1.268,1.43,0.918,1.015,0.738,0.054,0.802,1.136,0.476,0.888,0.529,0.286,0.591,0.018,0.396,0.513,0.458,1.186,0.669,0.012,0.196,0.045,0.207,0.661,0.129,0.679,0.11,0.034,0.16,0.304,0.345,0.097,0.019,0.903,0.239,0.467,0.425,0.385,0.579,0.126,0.039,0.111,0.205,0.657,0.871,0.847,0.608,0.599,0.043,0.236,0.308,0.328,0.309,0.21,0.16,0.318,0.369,0.625,0.241,0.121,0.351,0.088,0.276,0.43,0.728,0.748,0.786,0.375,0.029,0.076,0.099,0.165,0.085,0.279,0.182,0.122,0.58,0.918,0.879,0.212,0.455,0.024,0.036,0.231,0.051,0.07,0.206,0.487,0.101,0.404,0.413,0.262,0.4,0.016,0.711,0.219,0.752,0.036,1.148,0.258,0.246,0.01,0.19,0.424,0.587,0.313,0.717,0.499,0.328,0.043,0.013,0.112,0.392,0.759,0.921,0.931,0.112,0.298,0.043,1.314,0.409,0.186,0.135,0.293,0.6,0.866,1.017,1.758,0.719,0.308,0.171,0.456,0.022,0.538,0.633,0.556,0.556,0.992,0.836,0.39,0.05,0.829,0.029,0.485,0.563,0.577,0.542,0.771,0.045,0.634,0.574,0.496,0.241,0.021,0.425,0.527,0.031,0.197,0.108,0.041,0.263,0.062,0.416,0.288,0.158,0.096
200,200,200,0,0.132,0.4166047,0.01,0.136,0,0,0,0.01,1.754,0.417,0.01,1.754,0.417,161|35,1.754|1.411,0.103,0.25,0.217,0.317,0.406,0.527,1.104,0.73,0.838,0.331,0.689,0.166,0.019,0.537,0.621,0.243,0.191,0.54,0.602,0.65,0.275,0.57,0.1,0.815,0.937,0.81,0.032,0.026,0.525,0.024,0.241,0.802,0.17,0.658,1.26,1.411,0.945,1.022,0.75,0.052,0.789,1.136,0.459,0.887,0.535,0.281,0.601,0.018,0.42,0.501,0.444,1.178,0.662,0.014,0.193,0.056,0.19,0.681,0.144,0.707,0.117,0.032,0.14,0.311,0.342,0.088,0.013,0.903,0.227,0.446,0.439,0.389,0.533,0.129,0.06,0.114,0.22,0.669,0.853,0.823,0.601,0.613,0.048,0.232,0.328,0.32,0.306,0.187,0.174,0.34,0.341,0.628,0.252,0.136,0.382,0.068,0.281,0.425,0.716,0.752,0.779,0.365,0.033,0.073,0.1,0.165,0.055,0.273,0.159,0.122,0.59,0.91,0.865,0.201,0.44,0.024,0.032,0.237,0.055,0.06,0.209,0.482,0.125,0.425,0.419,0.262,0.394,0.012,0.683,0.205,0.753,0.01,1.143,0.235,0.253,0.011,0.197,0.439,0.568,0.325,0.715,0.486,0.333,0.062,0.015,0.098,0.391,0.758,0.915,0.92,0.126,0.295,0.053,1.302,0.458,0.19,0.139,0.312,0.583,0.863,1.006,1.754,0.705,0.298,0.163,0.458,0.024,0.534,0.63,0.542,0.567,0.99,0.846,0.392,0.039,0.82,0.026,0.497,0.554,0.546,0.557,0.777,0.045,0.634,0.572,0.483,0.265,0.012,0.42,0.495,0.024,0.196,0.108,0.025,0.265,0.063,0.403,0.283,0.149,0.07
210,200,200,0,0.12,0.4157034,0.01,0.124,0,0,0,0.01,1.74,0.416,0.01,1.74,0.416,161|35,1.74|1.402,0.095,0.209,0.213,0.307,0.384,0.566,1.071,0.707,0.835,0.342,0.693,0.168,0.01,0.528,0.627,0.241,0.202,0.535,0.601,0.651,0.278,0.575,0.11,0.818,0.929,0.822,0.061,0.025,0.523,0.025,0.255,0.82,0.176,0.649,1.244,1.402,0.947,1.025,0.735,0.065,0.798,1.112,0.455,0.878,0.546,0.281,0.588,0.017,0.432,0.507,0.432,1.18,0.671,0.022,0.19,0.062,0.198,0.688,0.157,0.678,0.097,0.032,0.16,0.299,0.343,0.083,0.02,0.9,0.23,0.449,0.433,0.368,0.538,0.148,0.043,0.118,0.239,0.654,0.848,0.8,0.606,0.62,0.042,0.231,0.315,0.349,0.281,0.205,0.158,0.331,0.334,0.631,0.246,0.147,0.417,0.056,0.262,0.424,0.698,0.739,0.76,0.36,0.033,0.079,0.1,0.163,0.053,0.258,0.176,0.123,0.581,0.91,0.869,0.195,0.46,0.024,0.031,0.255,0.057,0.053,0.201,0.476,0.109,0.416,0.423,0.265,0.393,0.018,0.677,0.217,0.749,0.04,1.114,0.23,0.248,0.033,0.204,0.423,0.561,0.335,0.714,0.469,0.328,0.054,0.017,0.103,0.387,0.756,0.906,0.925,0.128,0.301,0.049,1.296,0.472,0.184,0.137,0.326,0.567,0.868,1.008,1.74,0.691,0.292,0.151,0.456,0.031,0.554,0.615,0.536,0.549,0.994,0.838,0.386,0.043,0.826,0.024,0.484,0.551,0.534,0.577,0.778,0.043,0.651,0.572,0.489,0.276,0.018,0.43,0.478,0.022,0.176,0.116,0.019,0.278,0.054,0.413,0.284,0.161,0.091
220,200,200,0,0.109,0.4143851,0.01,0.113,0,0,0,0.01,1.722,0.414,0.01,1.722,0.414,161|35,1.722|1.382,0.106,0.225,0.218,0.331,0.374,0.565,1.05,0.687,0.849,0.35,0.682,0.187,0.01,0.527,0.635,0.244,0.22,0.544,0.607,0.655,0.255,0.581,0.125,0.815,0.929,0.819,0.067,0.021,0.51,0.026,0.255,0.822,0.176,0.64,1.225,1.382,0.958,1.004,0.739,0.054,0.791,1.093,0.446,0.885,0.536,0.278,0.588,0.017,0.436,0.516,0.43,1.186,0.68,0.011,0.195,0.062,0.204,0.677,0.179,0.684,0.122,0.035,0.154,0.301,0.344,0.077,0.026,0.897,0.222,0.462,0.43,0.382,0.512,0.144,0.054,0.117,0.247,0.654,0.826,0.791,0.601,0.619,0.049,0.231,0.312,0.339,0.292,0.184,0.166,0.304,0.321,0.623,0.264,0.134,0.442,0.065,0.264,0.437,0.69,0.726,0.751,0.36,0.037,0.075,0.097,0.146,0.056,0.254,0.193,0.121,0.578,0.894,0.859,0.19,0.451,0.031,0.032,0.277,0.055,0.058,0.205,0.481,0.101,0.406,0.426,0.266,0.38,0.012,0.665,0.211,0.746,0.076,1.105,0.221,0.272,0.044,0.205,0.424,0.535,0.338,0.703,0.464,0.329,0.058,0.022,0.096,0.372,0.753,0.902,0.92,0.113,0.297,0.045,1.29,0.488,0.173,0.128,0.341,0.562,0.854,0.999,1.722,0.666,0.299,0.136,0.47,0.032,0.548,0.594,0.537,0.551,0.988,0.85,0.38,0.029,0.812,0.037,0.472,0.54,0.523,0.573,0.798,0.042,0.643,0.564,0.487,0.301,0.015,0.418,0.459,0.024,0.147,0.12,0.052,0.272,0.062,0.408,0.268,0.167,0.1
230,200,200,0,0.098,0.4108868,0.01,0.102,0,0,0,0.009,1.699,0.411,0.009,1.699,0.411,161|35,1.699|1.351,0.103,0.221,0.209,0.343,0.365,0.569,1.024,0.662,0.841,0.354,0.668,0.204,0.009,0.512,0.626,0.244,0.234,0.551,0.6,0.655,0.252,0.583,0.144,0.812,0.932,0.811,0.059,0.024,0.5,0.028,0.263,0.815,0.174,0.625,1.195,1.351,0.954,1.001,0.73,0.05,0.785,1.071,0.427,0.87,0.538,0.27,0.57,0.016,0.442,0.516,0.422,1.17,0.677,0.01,0.192,0.046,0.193,0.675,0.194,0.681,0.101,0.031,0.149,0.301,0.347,0.08,0.018,0.893,0.219,0.449,0.418,0.374,0.501,0.151,0.042,0.122,0.245,0.645,0.811,0.754,0.583,0.631,0.047,0.234,0.303,0.336,0.288,0.181,0.173,0.326,0.308,0.621,0.26,0.136,0.461,0.064,0.253,0.435,0.671,0.716,0.747,0.347,0.036,0.075,0.088,0.151,0.065,0.248,0.201,0.114,0.568,0.88,0.854,0.177,0.443,0.028,0.033,0.295,0.051,0.053,0.218,0.481,0.098,0.399,0.437,0.264,0.377,0.015,0.647,0.221,0.738,0.084,1.094,0.212,0.276,0.049,0.211,0.413,0.523,0.359,0.698,0.462,0.329,0.054,0.025,0.102,0.361,0.766,0.901,0.912,0.108,0.299,0.04,1.286,0.496,0.159,0.13,0.343,0.554,0.858,0.996,1.699,0.668,0.296,0.126,0.466,0.036,0.556,0.588,0.544,0.55,0.983,0.852,0.364,0.027,0.811,0.033,0.46,0.527,0.513,0.568,0.804,0.043,0.651,0.551,0.485,0.324,0.016,0.415,0.449,0.028,0.139,0.116,0.039,0.27,0.066,0.405,0.259,0.16,0.102
240,200,200,0,0.088,0.4081621,0.01,0.092,0,0,0,0.012,1.679,0.408,0.012,1.679,0.408,161|35,1.679|1.324,0.101,0.22,0.209,0.359,0.365,0.565,1.011,0.637,0.833,0.355,0.652,0.228,0.012,0.51,0.631,0.247,0.25,0.552,0.59,0.649,0.244,0.578,0.149,0.801,0.914,0.798,0.048,0.022,0.492,0.032,0.256,0.809,0.17,0.61,1.183,1.324,0.958,1.001,0.73,0.052,0.778,1.066,0.422,0.878,0.539,0.271,0.565,0.015,0.454,0.513,0.415,1.159,0.668,0.023,0.184,0.05,0.197,0.667,0.22,0.674,0.117,0.03,0.146,0.306,0.335,0.073,0.014,0.89,0.209,0.441,0.415,0.38,0.488,0.169,0.052,0.122,0.244,0.638,0.809,0.73,0.564,0.638,0.042,0.234,0.302,0.338,0.28,0.189,0.179,0.337,0.315,0.616,0.265,0.154,0.486,0.059,0.249,0.428,0.654,0.711,0.729,0.341,0.037,0.075,0.083,0.148,0.064,0.237,0.206,0.11,0.557,0.859,0.84,0.164,0.438,0.025,0.033,0.309,0.049,0.039,0.204,0.483,0.09,0.398,0.454,0.264,0.37,0.012,0.634,0.227,0.742,0.074,1.082,0.215,0.278,0.035,0.223,0.415,0.51,0.385,0.698,0.463,0.312,0.061,0.028,0.097,0.357,0.757,0.896,0.905,0.098,0.303,0.033,1.272,0.501,0.161,0.135,0.353,0.546,0.853,0.992,1.679,0.652,0.298,0.119,0.474,0.044,0.56,0.583,0.542,0.545,0.99,0.853,0.354,0.021,0.808,0.028,0.448,0.527,0.494,0.568,0.802,0.042,0.648,0.544,0.482,0.339,0.012,0.403,0.437,0.027,0.129,0.114,0.013,0.275,0.065,0.399,0.241,0.162,0.1
250,200,200,0,0.102,0.4048395,0.01,0.106,0,0,0,0.012,1.657,0.405,0.012,1.657,0.405,161|35,1.657|1.298,0.098,0.211,0.213,0.345,0.358,0.571,0.99,0.627,0.83,0.359,0.645,0.228,0.018,0.496,0.623,0.25,0.261,0.56,0.582,0.655,0.237,0.578,0.143,0.808,0.911,0.784,0.033,0.02,0.485,0.03,0.259,0.805,0.181,0.617,1.166,1.298,0.966,0.989,0.721,0.058,0.765,1.04,0.41,0.87,0.533,0.253,0.546,0.017,0.45,0.513,0.41,1.144,0.664,0.014,0.185,0.058,0.2,0.662,0.236,0.658,0.114,0.03,0.14,0.3,0.336,0.076,0.025,0.876,0.216,0.433,0.411,0.369,0.466,0.169,0.048,0.115,0.261,0.616,0.783,0.711,0.549,0.646,0.048,0.236,0.296,0.333,0.274,0.197,0.195,0.341,0.302,0.615,0.258,0.161,0.492,0.052,0.253,0.411,0.637,0.698,0.705,0.334,0.039,0.079,0.086,0.158,0.056,0.239,0.202,0.111,0.543,0.85,0.82,0.154,0.436,0.025,0.032,0.324,0.049,0.023,0.2,0.472,0.081,0.4,0.463,0.266,0.373,0.023,0.618,0.232,0.737,0.072,1.061,0.218,0.278,0.026,0.218,0.401,0.508,0.394,0.69,0.466,0.305,0.056,0.027,0.09,0.359,0.743,0.886,0.91,0.103,0.314,0.032,1.252,0.512,0.157,0.151,0.363,0.532,0.847,0.983,1.657,0.648,0.294,0.104,0.471,0.047,0.572,0.581,0.54,0.534,0.983,0.849,0.343,0.021,0.798,0.024,0.447,0.521,0.472,0.577,0.801,0.038,0.653,0.549,0.483,0.343,0.012,0.408,0.441,0.026,0.131,0.123,0.019,0.281,0.068,0.392,0.245,0.155,0.105
260,200,178,0,0.085,0.4047391,0.01,0.089,0,0,0,0.01,1.644,0.405,0.0,1.644,0.402,161|35,1.644|1.278,0.097,0.208,0.218,0.361,0.37,0.57,0.996,0.623,0.824,0.359,0.642,0.235,0.0,0.481,0.623,0.26,0.281,0.544,0.585,0.643,0.239,0.575,0.146,0.79,0.911,0.778,0.0,0.0,0.497,0.0,0.275,0.79,0.175,0.615,1.153,1.278,0.978,0.985,0.729,0.054,0.745,1.041,0.387,0.877,0.529,0.261,0.565,0.0,0.458,0.519,0.404,1.142,0.667,0.0,0.185,0.067,0.174,0.667,0.268,0.679,0.108,0.0,0.128,0.303,0.351,0.068,0.0,0.883,0.237,0.446,0.421,0.369,0.458,0.176,0.055,0.144,0.26,0.616,0.794,0.696,0.547,0.657,0.047,0.239,0.294,0.337,0.283,0.195,0.195,0.348,0.314,0.604,0.283,0.155,0.512,0.059,0.271,0.41,0.632,0.706,0.714,0.333,0.0,0.096,0.09,0.156,0.053,0.226,0.211,0.117,0.531,0.84,0.828,0.149,0.441,0.0,0.0,0.327,0.05,0.0,0.191,0.477,0.066,0.394,0.459,0.27,0.361,0.0,0.601,0.234,0.73,0.065,1.043,0.205,0.288,0.0,0.235,0.417,0.491,0.417,0.704,0.478,0.298,0.059,0.0,0.108,0.354,0.727,0.879,0.913,0.097,0.309,0.0,1.241,0.529,0.166,0.138,0.362,0.537,0.856,0.97,1.644,0.646,0.3,0.102,0.473,0.047,0.555,0.576,0.544,0.535,0.997,0.846,0.341,0.0,0.805,0.0,0.432,0.51,0.444,0.556,0.799,0.0,0.65,0.542,0.495,0.342,0.0,0.401,0.42,0.0,0.126,0.13,0.0,0.261,0.067,0.356,0.24,0.157,0.112
270,200,164,0,0.082,0.4042372,0.01,0.086,0,0,0,0.016,1.636,0.404,0.0,1.636,0.398,161|35,1.636|1.277,0.097,0.195,0.224,0.37,0.365,0.568,0.978,0.612,0.813,0.367,0.625,0.241,0.0,0.468,0.619,0.25,0.278,0.556,0.586,0.653,0.221,0.571,0.151,0.791,0.892,0.779,0.0,0.0,0.483,0.0,0.242,0.814,0.17,0.603,1.155,1.277,0.997,0.997,0.731,0.0,0.765,1.035,0.401,0.87,0.52,0.253,0.574,0.0,0.464,0.542,0.393,1.139,0.663,0.0,0.172,0.0,0.203,0.654,0.275,0.673,0.136,0.0,0.124,0.319,0.343,0.0,0.0,0.871,0.225,0.443,0.422,0.388,0.451,0.178,0.0,0.13,0.253,0.599,0.803,0.696,0.542,0.634,0.0,0.241,0.298,0.326,0.277,0.22,0.208,0.342,0.308,0.602,0.296,0.168,0.534,0.0,0.262,0.413,0.633,0.715,0.706,0.312,0.0,0.0,0.092,0.149,0.0,0.247,0.211,0.113,0.531,0.829,0.818,0.168,0.432,0.0,0.0,0.342,0.0,0.0,0.189,0.473,0.0,0.388,0.467,0.251,0.365,0.0,0.61,0.231,0.736,0.0,1.064,0.202,0.276,0.0,0.24,0.426,0.492,0.433,0.703,0.483,0.287,0.0,0.0,0.094,0.369,0.735,0.893,0.905,0.103,0.315,0.0,1.228,0.516,0.192,0.145,0.374,0.521,0.841,0.986,1.636,0.621,0.299,0.103,0.468,0.0,0.566,0.579,0.543,0.537,0.998,0.826,0.34,0.0,0.794,0.0,0.425,0.511,0.444,0.562,0.817,0.0,0.651,0.551,0.493,0.36,0.0,0.384,0.42,0.0,0.124,0.139,0.0,0.253,0.0,0.368,0.241,0.169,0.112
280,200,155,0,0.113,0.4040539,0.01,0.117,0,0,0,0.011,1.636,0.404,0.0,1.636,0.394,161|35,1.636|1.254,0.0,0.193,0.228,0.346,0.374,0.59,1.002,0.633,0.824,0.384,0.642,0.229,0.0,0.465,0.621,0.269,0.305,0.585,0.59,0.65,0.245,0.574,0.157,0.819,0.894,0.786,0.0,0.0,0.486,0.0,0.259,0.804,0.185,0.594,1.145,1.254,0.999,0.987,0.729,0.0,0.772,1.035,0.392,0.877,0.493,0.228,0.551,0.0,0.463,0.515,0.392,1.124,0.661,0.0,0.179,0.0,0.215,0.661,0.305,0.658,0.145,0.0,0.0,0.325,0.356,0.0,0.0,0.844,0.238,0.455,0.427,0.388,0.445,0.181,0.0,0.0,0.247,0.599,0.787,0.676,0.54,0.643,0.0,0.214,0.29,0.344,0.277,0.189,0.203,0.339,0.32,0.613,0.288,0.154,0.511,0.0,0.265,0.381,0.631,0.687,0.701,0.316,0.0,0.0,0.0,0.162,0.0,0.252,0.214,0.0,0.521,0.816,0.795,0.155,0.434,0.0,0.0,0.353,0.0,0.0,0.198,0.472,0.0,0.404,0.47,0.237,0.374,0.0,0.607,0.233,0.748,0.0,1.043,0.19,0.295,0.0,0.236,0.451,0.472,0.466,0.681,0.48,0.291,0.0,0.0,0.0,0.367,0.739,0.9,0.909,0.0,0.336,0.0,1.227,0.508,0.159,0.145,0.386,0.513,0.828,0.965,1.636,0.604,0.283,0.0,0.496,0.0,0.584,0.595,0.529,0.547,1.019,0.831,0.349,0.0,0.798,0.0,0.444,0.53,0.444,0.564,0.803,0.0,0.662,0.556,0.511,0.369,0.0,0.394,0.422,0.0,0.133,0.166,0.0,0.28,0.0,0.359,0.242,0.184,0.0
290,200,147,0,0.124,0.4040148,0.01,0.128,0,0,0,0.012,1.578,0.404,0.0,1.578,0.39,161|35,1.578|1.251,0.0,0.253,0.279,0.348,0.379,0.585,1.003,0.622,0.782,0.389,0.61,0.228,0.0,0.441,0.627,0.248,0.286,0.563,0.597,0.689,0.218,0.546,0.0,0.81,0.872,0.745,0.0,0.0,0.479,0.0,0.25,0.824,0.165,0.616,1.142,1.251,1.0,1.05,0.786,0.0,0.775,1.035,0.426,0.896,0.497,0.218,0.575,0.0,0.493,0.524,0.352,1.101,0.613,0.0,0.221,0.0,0.172,0.661,0.34,0.688,0.0,0.0,0.0,0.32,0.358,0.0,0.0,0.886,0.267,0.451,0.436,0.395,0.426,0.0,0.0,0.0,0.202,0.619,0.807,0.683,0.529,0.684,0.0,0.291,0.302,0.283,0.311,0.227,0.2,0.383,0.338,0.672,0.288,0.0,0.532,0.0,0.284,0.346,0.598,0.705,0.7,0.328,0.0,0.0,0.0,0.0,0.0,0.277,0.241,0.0,0.502,0.858,0.806,0.0,0.448,0.0,0.0,0.359,0.0,0.0,0.189,0.464,0.0,0.425,0.461,0.214,0.36,0.0,0.567,0.221,0.768,0.0,1.03,0.193,0.258,0.0,0.231,0.451,0.517,0.436,0.679,0.481,0.329,0.0,0.0,0.0,0.388,0.687,0.891,0.888,0.0,0.35,0.0,1.208,0.525,0.197,0.0,0.367,0.511,0.783,0.939,1.578,0.6,0.306,0.0,0.506,0.0,0.542,0.609,0.57,0.526,1.045,0.758,0.334,0.0,0.852,0.0,0.468,0.522,0.41,0.582,0.825,0.0,0.67,0.569,0.575,0.367,0.0,0.395,0.405,0.0,0.0,0.201,0.0,0.316,0.0,0.387,0.261,0.201,0.0
300,200,137,0,0.152,0.4076585,0.01,0.156,0,0,0,0.01,1.636,0.408,0.0,1.636,0.388,161|35,1.636|1.277,0.0,0.283,0.258,0.315,0.347,0.671,0.942,0.617,0.835,0.446,0.544,0.232,0.0,0.37,0.657,0.265,0.247,0.641,0.663,0.67,0.268,0.59,0.0,0.786,0.873,0.771,0.0,0.0,0.499,0.0,0.286,0.905,0.0,0.641,1.119,1.277,1.006,1.054,0.752,0.0,0.79,1.056,0.448,0.875,0.531,0.0,0.571,0.0,0.52,0.522,0.285,1.109,0.564,0.0,0.221,0.0,0.22,0.704,0.338,0.695,0.0,0.0,0.0,0.35,0.325,0.0,0.0,0.917,0.294,0.422,0.417,0.326,0.362,0.0,0.0,0.0,0.0,0.687,0.828,0.68,0.511,0.716,0.0,0.407,0.308,0.282,0.347,0.244,0.0,0.341,0.282,0.601,0.223,0.0,0.598,0.0,0.307,0.406,0.574,0.713,0.696,0.357,0.0,0.0,0.0,0.0,0.0,0.329,0.0,0.0,0.409,0.887,0.831,0.0,0.421,0.0,0.0,0.423,0.0,0.0,0.0,0.493,0.0,0.479,0.53,0.0,0.351,0.0,0.619,0.0,0.731,0.0,1.119,0.0,0.309,0.0,0.263,0.429,0.62,0.426,0.711,0.545,0.36,0.0,0.0,0.0,0.42,0.668,0.978,0.842,0.0,0.331,0.0,1.209,0.495,0.278,0.0,0.353,0.481,0.767,0.946,1.636,0.501,0.336,0.0,0.547,0.0,0.516,0.656,0.62,0.56,1.116,0.746,0.322,0.0,0.857,0.0,0.519,0.546,0.402,0.588,0.841,0.0,0.688,0.586,0.618,0.376,0.0,0.444,0.472,0.0,0.0,0.248,0.0,0.335,0.0,0.427,0.328,0.0,0.0
310,200,132,0,0.132,0.4201561,0.01,0.137,0,0,0,0.008,1.72,0.42,0.0,1.72,0.398,161|35,1.72|1.348,0.0,0.0,0.322,0.273,0.333,0.659,0.978,0.711,0.881,0.44,0.535,0.248,0.0,0.396,0.671,0.257,0.297,0.752,0.702,0.679,0.317,0.573,0.0,0.863,0.896,0.836,0.0,0.0,0.562,0.0,0.287,0.909,0.0,0.676,1.158,1.348,1.121,1.112,0.814,0.0,0.865,1.082,0.391,0.859,0.536,0.0,0.565,0.0,0.534,0.505,0.305,1.091,0.625,0.0,0.0,0.0,0.324,0.689,0.267,0.779,0.0,0.0,0.0,0.421,0.287,0.0,0.0,0.976,0.0,0.503,0.439,0.427,0.417,0.0,0.0,0.0,0.0,0.699,0.814,0.623,0.587,0.72,0.0,0.345,0.295,0.369,0.307,0.0,0.0,0.441,0.302,0.749,0.0,0.0,0.587,0.0,0.393,0.377,0.561,0.719,0.697,0.335,0.0,0.0,0.0,0.0,0.0,0.326,0.0,0.0,0.466,0.984,0.896,0.0,0.488,0.0,0.0,0.398,0.0,0.0,0.0,0.454,0.0,0.427,0.536,0.0,0.306,0.0,0.637,0.0,0.759,0.0,1.09,0.0,0.277,0.0,0.296,0.464,0.668,0.46,0.774,0.57,0.297,0.0,0.0,0.0,0.434,0.717,0.965,0.889,0.0,0.332,0.0,1.227,0.563,0.353,0.0,0.336,0.519,0.77,0.933,1.72,0.537,0.345,0.0,0.537,0.0,0.603,0.712,0.623,0.565,1.197,0.785,0.347,0.0,0.968,0.0,0.508,0.644,0.439,0.681,0.799,0.0,0.734,0.654,0.62,0.386,0.0,0.482,0.515,0.0,0.0,0.292,0.0,0.315,0.0,0.378,0.246,0.0,0.0
320,200,117,0,0.164,0.4167273,0.01,0.169,0,0,0,0.009,1.777,0.417,0.0,1.777,0.382,161|171,1.777|1.298,0.0,0.0,0.419,0.335,0.406,0.623,1.167,0.737,0.794,0.592,0.603,0.0,0.0,0.459,0.651,0.328,0.382,0.69,0.762,0.653,0.0,0.656,0.0,0.916,0.91,0.876,0.0,0.0,0.558,0.0,0.294,0.793,0.0,0.741,1.142,1.295,1.089,1.118,0.853,0.0,0.864,1.138,0.0,0.841,0.498,0.0,0.582,0.0,0.56,0.533,0.0,1.03,0.574,0.0,0.0,0.0,0.0,0.777,0.41,0.723,0.0,0.0,0.0,0.305,0.357,0.0,0.0,0.998,0.0,0.46,0.621,0.401,0.381,0.0,0.0,0.0,0.0,0.653,0.787,0.618,0.547,0.7,0.0,0.0,0.432,0.404,0.0,0.0,0.0,0.45,0.386,0.869,0.0,0.0,0.627,0.0,0.0,0.491,0.567,0.716,0.648,0.456,0.0,0.0,0.0,0.0,0.0,0.404,0.0,0.0,0.421,0.954,0.954,0.0,0.471,0.0,0.0,0.309,0.0,0.0,0.0,0.411,0.0,0.54,0.539,0.0,0.309,0.0,0.673,0.0,0.681,0.0,1.141,0.0,0.0,0.0,0.0,0.562,0.707,0.424,0.687,0.69,0.0,0.0,0.0,0.0,0.302,0.778,1.124,0.991,0.0,0.467,0.0,1.203,0.62,0.0,0.0,0.361,0.508,0.651,0.732,1.777,0.513,0.311,0.0,0.402,0.0,0.435,0.713,0.606,0.735,1.298,0.812,0.331,0.0,0.99,0.0,0.536,0.51,0.352,0.681,0.861,0.0,0.657,0.704,0.674,0.297,0.0,0.484,0.495,0.0,0.0,0.0,0.0,0.0,0.0,0.344,0.0,0.0,0.0
330,200,109,0,0.135,0.4204565,0.01,0.14,0,0,0,0.01,1.828,0.42,0.0,1.828,0.379,161|171,1.828|1.335,0.0,0.0,0.39,0.0,0.456,0.643,1.226,0.718,0.78,0.68,0.665,0.0,0.0,0.474,0.634,0.356,0.389,0.656,0.756,0.635,0.0,0.704,0.0,0.944,0.89,0.874,0.0,0.0,0.539,0.0,0.0,0.817,0.0,0.73,1.128,1.28,1.0,1.086,0.806,0.0,0.806,1.108,0.0,0.837,0.486,0.0,0.566,0.0,0.607,0.585,0.0,1.03,0.541,0.0,0.0,0.0,0.0,0.849,0.522,0.744,0.0,0.0,0.0,0.0,0.498,0.0,0.0,0.934,0.0,0.435,0.601,0.456,0.46,0.0,0.0,0.0,0.0,0.66,0.792,0.619,0.498,0.6,0.0,0.0,0.455,0.496,0.0,0.0,0.0,0.486,0.418,1.038,0.0,0.0,0.67,0.0,0.0,0.614,0.578,0.774,0.686,0.467,0.0,0.0,0.0,0.0,0.0,0.335,0.0,0.0,0.354,0.97,0.918,0.0,0.451,0.0,0.0,0.0,0.0,0.0,0.0,0.476,0.0,0.551,0.532,0.0,0.349,0.0,0.702,0.0,0.616,0.0,1.162,0.0,0.0,0.0,0.0,0.612,0.726,0.416,0.646,0.729,0.0,0.0,0.0,0.0,0.0,0.857,1.222,1.079,0.0,0.507,0.0,1.21,0.727,0.0,0.0,0.357,0.51,0.631,0.708,1.828,0.579,0.0,0.0,0.0,0.0,0.412,0.754,0.606,0.796,1.335,0.835,0.365,0.0,0.998,0.0,0.628,0.496,0.364,0.725,0.921,0.0,0.689,0.746,0.736,0.0,0.0,0.508,0.514,0.0,0.0,0.0,0.0,0.0,0.0,0.394,0.0,0.0,0.0
340,200,102,0,0.162,0.4188737,0.01,0.166,0,0,0,0.009,1.861,0.419,0.0,1.861,0.368,161|35,1.861|1.32,0.0,0.0,0.0,0.0,0.43,0.668,1.191,0.667,0.826,0.672,0.682,0.0,0.0,0.446,0.643,0.0,0.368,0.637,0.747,0.64,0.0,0.753,0.0,0.997,0.923,0.899,0.0,0.0,0.491,0.0,0.0,0.868,0.0,0.675,1.108,1.32,1.015,1.079,0.863,0.0,0.817,1.098,0.0,0.805,0.498,0.0,0.611,0.0,0.551,0.587,0.0,1.03,0.607,0.0,0.0,0.0,0.0,0.852,0.52,0.677,0.0,0.0,0.0,0.0,0.543,0.0,0.0,0.951,0.0,0.406,0.585,0.437,0.393,0.0,0.0,0.0,0.0,0.649,0.778,0.639,0.481,0.568,0.0,0.0,0.453,0.537,0.0,0.0,0.0,0.46,0.381,0.997,0.0,0.0,0.587,0.0,0.0,0.612,0.509,0.799,0.67,0.453,0.0,0.0,0.0,0.0,0.0,0.0,0.0,0.0,0.0,1.034,0.938,0.0,0.474,0.0,0.0,0.0,0.0,0.0,0.0,0.597,0.0,0.585,0.592,0.0,0.0,0.0,0.719,0.0,0.656,0.0,1.155,0.0,0.0,0.0,0.0,0.585,0.744,0.52,0.614,0.733,0.0,0.0,0.0,0.0,0.0,0.865,1.218,1.078,0.0,0.433,0.0,1.17,0.7,0.0,0.0,0.0,0.551,0.684,0.704,1.861,0.604,0.0,0.0,0.0,0.0,0.42,0.783,0.636,0.813,1.313,0.872,0.432,0.0,1.053,0.0,0.632,0.447,0.0,0.721,0.941,0.0,0.722,0.759,0.779,0.0,0.0,0.5,0.467,0.0,0.0,0.0,0.0,0.0,0.0,0.443,0.0,0.0,0.0
350,200,99,0,0.132,0.4202658,0.01,0.136,0,0,0,0.009,1.828,0.42,0.0,1.828,0.368,161|35,1.828|1.346,0.0,0.0,0.0,0.0,0.448,0.677,1.234,0.726,0.917,0.64,0.764,0.0,0.0,0.446,0.686,0.0,0.427,0.657,0.785,0.673,0.0,0.699,0.0,0.964,0.951,0.912,0.0,0.0,0.482,0.0,0.0,0.926,0.0,0.698,1.086,1.346,1.051,1.157,0.927,0.0,0.88,1.099,0.0,0.769,0.476,0.0,0.665,0.0,0.527,0.688,0.0,1.112,0.574,0.0,0.0,0.0,0.0,0.881,0.486,0.792,0.0,0.0,0.0,0.0,0.491,0.0,0.0,1.058,0.0,0.405,0.783,0.433,0.0,0.0,0.0,0.0,0.0,0.758,0.79,0.571,0.492,0.561,0.0,0.0,0.0,0.45,0.0,0.0,0.0,0.492,0.407,0.986,0.0,0.0,0.569,0.0,0.0,0.606,0.508,0.787,0.729,0.0,0.0,0.0,0.0,0.0,0.0,0.0,0.0,0.0,0.0,1.069,0.973,0.0,0.418,0.0,0.0,0.0,0.0,0.0,0.0,0.623,0.0,0.618,0.522,0.0,0.0,0.0,0.621,0.0,0.626,0.0,1.153,0.0,0.0,0.0,0.0,0.575,0.698,0.526,0.701,0.705,0.0,0.0,0.0,0.0,0.0,0.816,1.212,1.089,0.0,0.429,0.0,1.183,0.684,0.0,0.0,0.0,0.517,0.689,0.821,1.828,0.567,0.0,0.0,0.0,0.0,0.418,0.803,0.645,0.79,1.272,0.901,0.47,0.0,1.062,0.0,0.616,0.423,0.0,0.795,0.941,0.0,0.741,0.689,0.826,0.0,0.0,0.513,0.539,0.0,0.0,0.0,0.0,0.0,0.0,0.446,0.0,0.0,0.0
360,200,88,0,0.209,0.4168134,0.01,0.213,0,0,0,0.006,1.902,0.417,0.0,1.902,0.346,161|35,1.902|1.311,0.0,0.0,0.0,0.0,0.0,0.747,1.218,0.835,0.871,0.58,0.767,0.0,0.0,0.457,0.652,0.0,0.0,0.667,0.822,0.696,0.0,0.702,0.0,0.969,0.997,0.958,0.0,0.0,0.477,0.0,0.0,0.911,0.0,0.642,1.103,1.311,1.029,1.198,0.971,0.0,0.852,1.07,0.0,0.762,0.0,0.0,0.631,0.0,0.558,0.712,0.0,1.132,0.578,0.0,0.0,0.0,0.0,0.854,0.0,0.734,0.0,0.0,0.0,0.0,0.455,0.0,0.0,1.11,0.0,0.0,0.749,0.0,0.0,0.0,0.0,0.0,0.0,0.75,0.788,0.681,0.533,0.527,0.0,0.0,0.0,0.0,0.0,0.0,0.0,0.474,0.455,0.947,0.0,0.0,0.524,0.0,0.0,0.621,0.559,0.848,0.684,0.0,0.0,0.0,0.0,0.0,0.0,0.0,0.0,0.0,0.0,1.096,0.969,0.0,0.0,0.0,0.0,0.0,0.0,0.0,0.0,0.58,0.0,0.535,0.604,0.0,0.0,0.0,0.69,0.0,0.655,0.0,1.18,0.0,0.0,0.0,0.0,0.588,0.677,0.582,0.64,0.638,0.0,0.0,0.0,0.0,0.0,0.838,1.195,1.105,0.0,0.0,0.0,1.257,0.644,0.0,0.0,0.0,0.453,0.658,0.82,1.902,0.518,0.0,0.0,0.0,0.0,0.0,0.903,0.722,0.798,1.303,0.881,0.445,0.0,1.029,0.0,0.631,0.0,0.0,0.756,0.861,0.0,0.84,0.681,0.874,0.0,0.0,0.517,0.482,0.0,0.0,0.0,0.0,0.0,0.0,0.441,0.0,0.0,0.0
370,200,82,0,0.198,0.4257462,0.01,0.202,0,0,0,0.01,1.929,0.426,0.0,1.929,0.345,161|35,1.929|1.415,0.0,0.0,0.0,0.0,0.0,0.797,1.291,1.012,0.939,0.565,0.719,0.0,0.0,0.526,0.622,0.0,0.0,0.635,0.77,0.774,0.0,0.698,0.0,1.004,1.019,0.843,0.0,0.0,0.597,0.0,0.0,0.891,0.0,0.65,1.211,1.415,1.096,1.261,1.01,0.0,0.98,1.156,0.0,0.852,0.0,0.0,0.588,0.0,0.667,0.667,0.0,1.161,0.628,0.0,0.0,0.0,0.0,0.861,0.0,0.686,0.0,0.0,0.0,0.0,0.487,0.0,0.0,1.157,0.0,0.0,0.876,0.0,0.0,0.0,0.0,0.0,0.0,0.757,0.837,0.821,0.0,0.0,0.0,0.0,0.0,0.0,0.0,0.0,0.0,0.0,0.0,0.917,0.0,0.0,0.723,0.0,0.0,0.673,0.61,0.922,0.555,0.0,0.0,0.0,0.0,0.0,0.0,0.0,0.0,0.0,0.0,1.165,0.915,0.0,0.0,0.0,0.0,0.0,0.0,0.0,0.0,0.605,0.0,0.495,0.546,0.0,0.0,0.0,0.702,0.0,0.656,0.0,1.209,0.0,0.0,0.0,0.0,0.659,0.718,0.555,0.719,0.666,0.0,0.0,0.0,0.0,0.0,0.776,1.123,1.157,0.0,0.0,0.0,1.259,0.774,0.0,0.0,0.0,0.0,0.708,0.905,1.929,0.602,0.0,0.0,0.0,0.0,0.0,0.956,0.751,0.763,1.275,0.885,0.512,0.0,0.898,0.0,0.745,0.0,0.0,0.909,0.816,0.0,0.986,0.713,0.891,0.0,0.0,0.511,0.609,0.0,0.0,0.0,0.0,0.0,0.0,0.0,0.0,0.0,0.0
380,200,80,0,0.16,0.4308651,0.01,0.164,0,0,0,0.012,1.874,0.431,0.0,1.874,0.348,161|35,1.874|1.504,0.0,0.0,0.0,0.0,0.0,0.811,1.296,1.048,0.995,0.586,0.736,0.0,0.0,0.562,0.602,0.0,0.0,0.646,0.834,0.712,0.0,0.661,0.0,0.976,0.98,0.841,0.0,0.0,0.645,0.0,0.0,0.94,0.0,0.667,1.253,1.504,1.202,1.225,1.025,0.0,0.984,1.203,0.0,0.819,0.0,0.0,0.577,0.0,0.734,0.678,0.0,1.196,0.741,0.0,0.0,0.0,0.0,0.872,0.0,0.796,0.0,0.0,0.0,0.0,0.0,0.0,0.0,1.152,0.0,0.0,0.907,0.0,0.0,0.0,0.0,0.0,0.0,0.745,0.861,0.809,0.0,0.0,0.0,0.0,0.0,0.0,0.0,0.0,0.0,0.0,0.0,0.893,0.0,0.0,0.691,0.0,0.0,0.692,0.603,1.017,0.579,0.0,0.0,0.0,0.0,0.0,0.0,0.0,0.0,0.0,0.0,1.237,0.901,0.0,0.0,0.0,0.0,0.0,0.0,0.0,0.0,0.642,0.0,0.584,0.538,0.0,0.0,0.0,0.686,0.0,0.752,0.0,1.295,0.0,0.0,0.0,0.0,0.741,0.759,0.564,0.724,0.69,0.0,0.0,0.0,0.0,0.0,0.8,1.169,1.212,0.0,0.0,0.0,1.239,0.746,0.0,0.0,0.0,0.0,0.697,0.896,1.874,0.665,0.0,0.0,0.0,0.0,0.0,0.939,0.715,0.842,1.247,0.903,0.593,0.0,0.762,0.0,0.718,0.0,0.0,0.978,0.865,0.0,1.028,0.649,0.891,0.0,0.0,0.0,0.746,0.0,0.0,0.0,0.0,0.0,0.0,0.0,0.0,0.0,0.0
390,200,78,0,0.161,0.4310107,0.01,0.165,0,0,0,0.013,1.839,0.431,0.0,1.839,0.345,161|35,1.839|1.516,0.0,0.0,0.0,0.0,0.0,0.74,1.2,1.019,1.038,0.585,0.739,0.0,0.0,0.584,0.655,0.0,0.0,0.629,0.839,0.712,0.0,0.633,0.0,0.987,0.997,0.896,0.0,0.0,0.604,0.0,0.0,0.985,0.0,0.704,1.22,1.516,1.204,1.213,1.047,0.0,1.054,1.25,0.0,0.842,0.0,0.0,0.0,0.0,0.85,0.784,0.0,1.209,0.77,0.0,0.0,0.0,0.0,0.862,0.0,0.799,0.0,0.0,0.0,0.0,0.0,0.0,0.0,1.153,0.0,0.0,0.88,0.0,0.0,0.0,0.0,0.0,0.0,0.692,0.846,0.755,0.0,0.0,0.0,0.0,0.0,0.0,0.0,0.0,0.0,0.0,0.0,0.92,0.0,0.0,0.628,0.0,0.0,0.664,0.601,1.077,0.574,0.0,0.0,0.0,0.0,0.0,0.0,0.0,0.0,0.0,0.0,1.252,0.881,0.0,0.0,0.0,0.0,0.0,0.0,0.0,0.0,0.655,0.0,0.651,0.0,0.0,0.0,0.0,0.745,0.0,0.823,0.0,1.331,0.0,0.0,0.0,0.0,0.668,0.779,0.593,0.691,0.615,0.0,0.0,0.0,0.0,0.0,0.805,1.185,1.207,0.0,0.0,0.0,1.202,0.779,0.0,0.0,0.0,0.0,0.703,0.85,1.839,0.657,0.0,0.0,0.0,0.0,0.0,0.906,0.74,0.866,1.276,0.987,0.629,0.0,0.832,0.0,0.716,0.0,0.0,0.976,0.837,0.0,1.003,0.663,0.937,0.0,0.0,0.0,0.76,0.0,0.0,0.0,0.0,0.0,0.0,0.0,0.0,0.0,0.0
400,200,71,0,0.176,0.4262781,0.01,0.18,0,0,0,0.011,1.957,0.426,0.0,1.957,0.325,161|35,1.957|1.47,0.0,0.0,0.0,0.0,0.0,0.86,1.249,1.046,0.971,0.0,0.785,0.0,0.0,0.0,0.79,0.0,0.0,0.0,0.855,0.781,0.0,0.616,0.0,0.897,0.959,0.929,0.0,0.0,0.0,0.0,0.0,1.05,0.0,0.741,1.231,1.47,1.232,1.244,1.011,0.0,0.917,1.195,0.0,0.882,0.0,0.0,0.0,0.0,0.874,0.764,0.0,1.254,0.725,0.0,0.0,0.0,0.0,0.946,0.0,0.745,0.0,0.0,0.0,0.0,0.0,0.0,0.0,1.068,0.0,0.0,0.927,0.0,0.0,0.0,0.0,0.0,0.0,0.693,0.78,0.694,0.0,0.0,0.0,0.0,0.0,0.0,0.0,0.0,0.0,0.0,0.0,0.81,0.0,0.0,0.648,0.0,0.0,0.726,0.705,1.047,0.757,0.0,0.0,0.0,0.0,0.0,0.0,0.0,0.0,0.0,0.0,1.24,0.872,0.0,0.0,0.0,0.0,0.0,0.0,0.0,0.0,0.0,0.0,0.61,0.0,0.0,0.0,0.0,0.78,0.0,0.774,0.0,1.35,0.0,0.0,0.0,0.0,0.0,0.853,0.614,0.713,0.633,0.0,0.0,0.0,0.0,0.0,0.714,1.116,1.206,0.0,0.0,0.0,1.157,0.862,0.0,0.0,0.0,0.0,0.692,0.992,1.957,0.0,0.0,0.0,0.0,0.0,0.0,0.962,0.731,0.761,1.356,0.997,0.618,0.0,0.779,0.0,0.816,0.0,0.0,0.954,0.798,0.0,1.063,0.641,0.826,0.0,0.0,0.0,0.719,0.0,0.0,0.0,0.0,0.0,0.0,0.0,0.0,0.0,0.0
410,200,67,0,0.177,0.4295329,0.01,0.181,0,0,0,0.009,1.966,0.43,0.0,1.966,0.319,161|132,1.966|1.455,0.0,0.0,0.0,0.0,0.0,0.95,1.316,1.003,1.024,0.0,0.736,0.0,0.0,0.0,0.878,0.0,0.0,0.0,0.902,0.811,0.0,0.684,0.0,0.902,0.961,0.994,0.0,0.0,0.0,0.0,0.0,1.05,0.0,0.773,1.199,1.454,1.249,1.265,1.055,0.0,0.941,1.173,0.0,0.934,0.0,0.0,0.0,0.0,0.832,0.832,0.0,1.196,0.743,0.0,0.0,0.0,0.0,1.019,0.0,0.791,0.0,0.0,0.0,0.0,0.0,0.0,0.0,1.117,0.0,0.0,0.855,0.0,0.0,0.0,0.0,0.0,0.0,0.696,0.873,0.0,0.0,0.0,0.0,0.0,0.0,0.0,0.0,0.0,0.0,0.0,0.0,0.782,0.0,0.0,0.668,0.0,0.0,0.692,0.81,1.016,0.777,0.0,0.0,0.0,0.0,0.0,0.0,0.0,0.0,0.0,0.0,1.281,0.969,0.0,0.0,0.0,0.0,0.0,0.0,0.0,0.0,0.0,0.0,0.0,0.0,0.0,0.0,0.0,0.878,0.0,0.884,0.0,1.455,0.0,0.0,0.0,0.0,0.0,0.895,0.73,0.706,0.696,0.0,0.0,0.0,0.0,0.0,0.77,1.141,1.21,0.0,0.0,0.0,1.178,0.821,0.0,0.0,0.0,0.0,0.698,1.054,1.966,0.0,0.0,0.0,0.0,0.0,0.0,0.989,0.683,0.718,1.403,1.028,0.0,0.0,0.789,0.0,0.808,0.0,0.0,0.953,0.716,0.0,1.04,0.723,0.761,0.0,0.0,0.0,0.0,0.0,0.0,0.0,0.0,0.0,0.0,0.0,0.0,0.0,0.0
420,200,64,0,0.164,0.4262997,0.01,0.168,0,0,0,0.006,1.902,0.426,0.0,1.902,0.31,161|132,1.902|1.53,0.0,0.0,0.0,0.0,0.0,0.932,1.322,0.997,1.087,0.0,0.704,0.0,0.0,0.0,0.898,0.0,0.0,0.0,0.88,0.848,0.0,0.685,0.0,0.929,0.978,1.011,0.0,0.0,0.0,0.0,0.0,1.017,0.0,0.713,1.188,1.457,1.204,1.219,1.082,0.0,0.997,1.217,0.0,0.983,0.0,0.0,0.0,0.0,0.898,0.83,0.0,1.279,0.783,0.0,0.0,0.0,0.0,0.991,0.0,0.823,0.0,0.0,0.0,0.0,0.0,0.0,0.0,1.14,0.0,0.0,0.796,0.0,0.0,0.0,0.0,0.0,0.0,0.708,0.95,0.0,0.0,0.0,0.0,0.0,0.0,0.0,0.0,0.0,0.0,0.0,0.0,0.797,0.0,0.0,0.0,0.0,0.0,0.688,0.778,1.044,0.775,0.0,0.0,0.0,0.0,0.0,0.0,0.0,0.0,0.0,0.0,1.288,0.988,0.0,0.0,0.0,0.0,0.0,0.0,0.0,0.0,0.0,0.0,0.0,0.0,0.0,0.0,0.0,0.849,0.0,0.914,0.0,1.53,0.0,0.0,0.0,0.0,0.0,0.856,0.759,0.724,0.0,0.0,0.0,0.0,0.0,0.0,0.726,1.083,1.194,0.0,0.0,0.0,1.148,0.745,0.0,0.0,0.0,0.0,0.694,1.043,1.902,0.0,0.0,0.0,0.0,0.0,0.0,0.976,0.0,0.721,1.398,1.085,0.0,0.0,0.814,0.0,0.777,0.0,0.0,0.906,0.717,0.0,1.037,0.716,0.762,0.0,0.0,0.0,0.0,0.0,0.0,0.0,0.0,0.0,0.0,0.0,0.0,0.0,0.0
430,200,54,0,0.325,0.4132481,0.01,0.329,0,0,0,0.008,1.91,0.413,0.0,1.91,0.27,161|132,1.91|1.63,0.0,0.0,0.0,0.0,0.0,0.944,1.328,1.034,1.03,0.0,0.0,0.0,0.0,0.0,0.858,0.0,0.0,0.0,0.855,0.764,0.0,0.0,0.0,0.902,1.1,0.925,0.0,0.0,0.0,0.0,0.0,1.003,0.0,0.0,1.247,1.37,1.193,1.16,1.001,0.0,0.903,1.161,0.0,0.934,0.0,0.0,0.0,0.0,0.748,0.868,0.0,1.281,0.785,0.0,0.0,0.0,0.0,0.974,0.0,0.774,0.0,0.0,0.0,0.0,0.0,0.0,0.0,1.118,0.0,0.0,0.836,0.0,0.0,0.0,0.0,0.0,0.0,0.0,0.843,0.0,0.0,0.0,0.0,0.0,0.0,0.0,0.0,0.0,0.0,0.0,0.0,0.883,0.0,0.0,0.0,0.0,0.0,0.0,0.785,1.029,0.81,0.0,0.0,0.0,0.0,0.0,0.0,0.0,0.0,0.0,0.0,1.277,0.958,0.0,0.0,0.0,0.0,0.0,0.0,0.0,0.0,0.0,0.0,0.0,0.0,0.0,0.0,0.0,0.772,0.0,0.894,0.0,1.63,0.0,0.0,0.0,0.0,0.0,0.918,0.814,0.0,0.0,0.0,0.0,0.0,0.0,0.0,0.0,1.092,1.031,0.0,0.0,0.0,0.981,0.747,0.0,0.0,0.0,0.0,0.0,1.031,1.91,0.0,0.0,0.0,0.0,0.0,0.0,0.944,0.0,0.721,1.318,0.96,0.0,0.0,0.894,0.0,0.0,0.0,0.0,0.957,0.769,0.0,1.139,0.0,0.825,0.0,0.0,0.0,0.0,0.0,0.0,0.0,0.0,0.0,0.0,0.0,0.0,0.0,0.0
440,200,48,0,0.297,0.4130019,0.01,0.301,0,0,0,0.007,2.039,0.413,0.0,2.039,0.253,161|132,2.039|1.514,0.0,0.0,0.0,0.0,0.0,0.904,1.351,1.02,0.921,0.0,0.0,0.0,0.0,0.0,0.924,0.0,0.0,0.0,0.751,0.892,0.0,0.0,0.0,0.979,1.074,0.863,0.0,0.0,0.0,0.0,0.0,1.061,0.0,0.0,1.329,1.277,1.348,0.829,0.95,0.0,0.994,0.952,0.0,0.747,0.0,0.0,0.0,0.0,0.0,1.082,0.0,1.474,0.0,0.0,0.0,0.0,0.0,0.839,0.0,1.12,0.0,0.0,0.0,0.0,0.0,0.0,0.0,1.11,0.0,0.0,1.191,0.0,0.0,0.0,0.0,0.0,0.0,0.0,0.758,0.0,0.0,0.0,0.0,0.0,0.0,0.0,0.0,0.0,0.0,0.0,0.0,1.167,0.0,0.0,0.0,0.0,0.0,0.0,0.752,1.042,0.0,0.0,0.0,0.0,0.0,0.0,0.0,0.0,0.0,0.0,0.0,1.39,0.898,0.0,0.0,0.0,0.0,0.0,0.0,0.0,0.0,0.0,0.0,0.0,0.0,0.0,0.0,0.0,0.925,0.0,0.943,0.0,1.514,0.0,0.0,0.0,0.0,0.0,1.109,0.817,0.0,0.0,0.0,0.0,0.0,0.0,0.0,0.0,1.25,1.194,0.0,0.0,0.0,0.916,0.0,0.0,0.0,0.0,0.0,0.0,1.046,2.039,0.0,0.0,0.0,0.0,0.0,0.0,0.868,0.0,0.801,1.129,0.0,0.0,0.0,1.03,0.0,0.0,0.0,0.0,1.004,0.0,0.0,1.137,0.0,0.975,0.0,0.0,0.0,0.0,0.0,0.0,0.0,0.0,0.0,0.0,0.0,0.0,0.0,0.0
450,200,45,0,0.235,0.4232213,0.01,0.24,0,0,0,0.01,1.964,0.423,0.0,1.964,0.255,161|132,1.964|1.651,0.0,0.0,0.0,0.0,0.0,1.119,1.4,0.929,0.948,0.0,0.0,0.0,0.0,0.0,0.994,0.0,0.0,0.0,0.0,0.958,0.0,0.0,0.0,1.043,1.11,0.822,0.0,0.0,0.0,0.0,0.0,1.118,0.0,0.0,1.403,1.358,1.376,0.84,1.055,0.0,1.127,0.992,0.0,0.0,0.0,0.0,0.0,0.0,0.0,1.208,0.0,1.571,0.0,0.0,0.0,0.0,0.0,1.101,0.0,1.131,0.0,0.0,0.0,0.0,0.0,0.0,0.0,1.192,0.0,0.0,1.084,0.0,0.0,0.0,0.0,0.0,0.0,0.0,0.871,0.0,0.0,0.0,0.0,0.0,0.0,0.0,0.0,0.0,0.0,0.0,0.0,1.407,0.0,0.0,0.0,0.0,0.0,0.0,0.824,1.128,0.0,0.0,0.0,0.0,0.0,0.0,0.0,0.0,0.0,0.0,0.0,1.376,0.991,0.0,0.0,0.0,0.0,0.0,0.0,0.0,0.0,0.0,0.0,0.0,0.0,0.0,0.0,0.0,0.938,0.0,0.984,0.0,1.651,0.0,0.0,0.0,0.0,0.0,1.166,0.991,0.0,0.0,0.0,0.0,0.0,0.0,0.0,0.0,1.362,1.246,0.0,0.0,0.0,0.0,0.0,0.0,0.0,0.0,0.0,0.0,0.965,1.964,0.0,0.0,0.0,0.0,0.0,0.0,0.869,0.0,0.882,1.239,0.0,0.0,0.0,1.064,0.0,0.0,0.0,0.0,1.063,0.0,0.0,1.255,0.0,0.932,0.0,0.0,0.0,0.0,0.0,0.0,0.0,0.0,0.0,0.0,0.0,0.0,0.0,0.0
460,200,45,0,0.184,0.4203506,0.01,0.188,0,0,0,0.01,1.978,0.42,0.0,1.978,0.258,161|132,1.978|1.715,0.0,0.0,0.0,0.0,0.0,1.088,1.354,0.877,0.898,0.0,0.0,0.0,0.0,0.0,1.0,0.0,0.0,0.0,0.0,1.004,0.0,0.0,0.0,1.027,1.116,0.841,0.0,0.0,0.0,0.0,0.0,1.017,0.0,0.0,1.356,1.412,1.32,0.855,1.111,0.0,1.135,1.027,0.0,0.0,0.0,0.0,0.0,0.0,0.0,1.221,0.0,1.661,0.0,0.0,0.0,0.0,0.0,1.134,0.0,1.086,0.0,0.0,0.0,0.0,0.0,0.0,0.0,1.276,0.0,0.0,1.005,0.0,0.0,0.0,0.0,0.0,0.0,0.0,0.924,0.0,0.0,0.0,0.0,0.0,0.0,0.0,0.0,0.0,0.0,0.0,0.0,1.422,0.0,0.0,0.0,0.0,0.0,0.0,0.904,1.244,0.0,0.0,0.0,0.0,0.0,0.0,0.0,0.0,0.0,0.0,0.0,1.303,1.039,0.0,0.0,0.0,0.0,0.0,0.0,0.0,0.0,0.0,0.0,0.0,0.0,0.0,0.0,0.0,0.943,0.0,1.008,0.0,1.715,0.0,0.0,0.0,0.0,0.0,1.124,1.035,0.0,0.0,0.0,0.0,0.0,0.0,0.0,0.0,1.392,1.228,0.0,0.0,0.0,0.0,0.0,0.0,0.0,0.0,0.0,0.0,0.993,1.978,0.0,0.0,0.0,0.0,0.0,0.0,0.867,0.0,0.908,1.274,0.0,0.0,0.0,1.125,0.0,0.0,0.0,0.0,1.092,0.0,0.0,1.255,0.0,0.914,0.0,0.0,0.0,0.0,0.0,0.0,0.0,0.0,0.0,0.0,0.0,0.0,0.0,0.0
470,200,45,0,0.157,0.4157619,0.01,0.161,0,0,0,0.011,1.948,0.416,0.0,1.948,0.257,161|132,1.948|1.688,0.0,0.0,0.0,0.0,0.0,1.077,1.338,0.893,0.919,0.0,0.0,0.0,0.0,0.0,1.038,0.0,0.0,0.0,0.0,1.012,0.0,0.0,0.0,1.049,1.065,0.84,0.0,0.0,0.0,0.0,0.0,1.039,0.0,0.0,1.337,1.435,1.303,0.871,1.136,0.0,1.098,1.043,0.0,0.0,0.0,0.0,0.0,0.0,0.0,1.19,0.0,1.674,0.0,0.0,0.0,0.0,0.0,1.128,0.0,1.064,0.0,0.0,0.0,0.0,0.0,0.0,0.0,1.307,0.0,0.0,0.979,0.0,0.0,0.0,0.0,0.0,0.0,0.0,0.936,0.0,0.0,0.0,0.0,0.0,0.0,0.0,0.0,0.0,0.0,0.0,0.0,1.445,0.0,0.0,0.0,0.0,0.0,0.0,0.866,1.265,0.0,0.0,0.0,0.0,0.0,0.0,0.0,0.0,0.0,0.0,0.0,1.295,1.055,0.0,0.0,0.0,0.0,0.0,0.0,0.0,0.0,0.0,0.0,0.0,0.0,0.0,0.0,0.0,0.954,0.0,1.01,0.0,1.688,0.0,0.0,0.0,0.0,0.0,1.065,1.02,0.0,0.0,0.0,0.0,0.0,0.0,0.0,0.0,1.37,1.221,0.0,0.0,0.0,0.0,0.0,0.0,0.0,0.0,0.0,0.0,1.014,1.948,0.0,0.0,0.0,0.0,0.0,0.0,0.872,0.0,0.908,1.302,0.0,0.0,0.0,1.119,0.0,0.0,0.0,0.0,1.096,0.0,0.0,1.228,0.0,0.891,0.0,0.0,0.0,0.0,0.0,0.0,0.0,0.0,0.0,0.0,0.0,0.0,0.0,0.0
480,200,45,0,0.14,0.407683,0.01,0.144,0,0,0,0.008,1.91,0.408,0.0,1.91,0.254,161|51,1.91|1.667,0.0,0.0,0.0,0.0,0.0,1.046,1.268,0.91,0.919,0.0,0.0,0.0,0.0,0.0,1.05,0.0,0.0,0.0,0.0,0.996,0.0,0.0,0.0,1.039,1.015,0.858,0.0,0.0,0.0,0.0,0.0,1.034,0.0,0.0,1.329,1.426,1.276,0.902,1.138,0.0,1.056,1.058,0.0,0.0,0.0,0.0,0.0,0.0,0.0,1.184,0.0,1.667,0.0,0.0,0.0,0.0,0.0,1.099,0.0,1.066,0.0,0.0,0.0,0.0,0.0,0.0,0.0,1.31,0.0,0.0,0.942,0.0,0.0,0.0,0.0,0.0,0.0,0.0,0.945,0.0,0.0,0.0,0.0,0.0,0.0,0.0,0.0,0.0,0.0,0.0,0.0,1.416,0.0,0.0,0.0,0.0,0.0,0.0,0.84,1.246,0.0,0.0,0.0,0.0,0.0,0.0,0.0,0.0,0.0,0.0,0.0,1.256,1.051,0.0,0.0,0.0,0.0,0.0,0.0,0.0,0.0,0.0,0.0,0.0,0.0,0.0,0.0,0.0,0.961,0.0,0.992,0.0,1.665,0.0,0.0,0.0,0.0,0.0,1.022,1.0,0.0,0.0,0.0,0.0,0.0,0.0,0.0,0.0,1.34,1.22,0.0,0.0,0.0,0.0,0.0,0.0,0.0,0.0,0.0,0.0,1.02,1.91,0.0,0.0,0.0,0.0,0.0,0.0,0.842,0.0,0.911,1.286,0.0,0.0,0.0,1.081,0.0,0.0,0.0,0.0,1.049,0.0,0.0,1.171,0.0,0.894,0.0,0.0,0.0,0.0,0.0,0.0,0.0,0.0,0.0,0.0,0.0,0.0,0.0,0.0
490,200,45,0,0.127,0.40078,0.01,0.131,0,0,0,0.009,1.878,0.401,0.0,1.878,0.251,161|51,1.878|1.659,0.0,0.0,0.0,0.0,0.0,1.022,1.202,0.918,0.934,0.0,0.0,0.0,0.0,0.0,1.06,0.0,0.0,0.0,0.0,0.978,0.0,0.0,0.0,1.019,1.001,0.857,0.0,0.0,0.0,0.0,0.0,1.035,0.0,0.0,1.304,1.391,1.263,0.909,1.131,0.0,1.022,1.049,0.0,0.0,0.0,0.0,0.0,0.0,0.0,1.171,0.0,1.659,0.0,0.0,0.0,0.0,0.0,1.085,0.0,1.061,0.0,0.0,0.0,0.0,0.0,0.0,0.0,1.287,0.0,0.0,0.946,0.0,0.0,0.0,0.0,0.0,0.0,0.0,0.935,0.0,0.0,0.0,0.0,0.0,0.0,0.0,0.0,0.0,0.0,0.0,0.0,1.403,0.0,0.0,0.0,0.0,0.0,0.0,0.83,1.224,0.0,0.0,0.0,0.0,0.0,0.0,0.0,0.0,0.0,0.0,0.0,1.225,1.051,0.0,0.0,0.0,0.0,0.0,0.0,0.0,0.0,0.0,0.0,0.0,0.0,0.0,0.0,0.0,0.951,0.0,0.984,0.0,1.634,0.0,0.0,0.0,0.0,0.0,0.989,0.98,0.0,0.0,0.0,0.0,0.0,0.0,0.0,0.0,1.312,1.233,0.0,0.0,0.0,0.0,0.0,0.0,0.0,0.0,0.0,0.0,1.032,1.878,0.0,0.0,0.0,0.0,0.0,0.0,0.838,0.0,0.918,1.292,0.0,0.0,0.0,1.06,0.0,0.0,0.0,0.0,1.019,0.0,0.0,1.12,0.0,0.897,0.0,0.0,0.0,0.0,0.0,0.0,0.0,0.0,0.0,0.0,0.0,0.0,0.0,0.0
