dataset,target_size,algorithm,time,oa,aa,k,selected_bands,selected_weights
indian_pines,5,random,0.464,0.62,0.567,0.567,35|60|75|86|186,1|1|1|1|1
indian_pines,10,random,0.001,0.686,0.632,0.632,15|60|68|82|83|113|117|158|176|185,1|1|1|1|1|1|1|1|1|1
indian_pines,15,random,0.0,0.636,0.585,0.585,13|73|99|104|108|137|140|141|142|168|182|186|187|195|196,1|1|1|1|1|1|1|1|1|1|1|1|1|1|1
indian_pines,20,random,0.001,0.643,0.598,0.598,3|9|10|15|16|51|53|55|56|66|67|70|80|88|102|108|114|142|145|167,1|1|1|1|1|1|1|1|1|1|1|1|1|1|1|1|1|1|1|1
indian_pines,25,random,0.0,0.713,0.653,0.653,2|13|20|27|36|44|59|76|77|96|99|102|104|105|117|131|133|136|139|152|158|161|165|171|181,1|1|1|1|1|1|1|1|1|1|1|1|1|1|1|1|1|1|1|1|1|1|1|1|1
indian_pines,30,random,0.0,0.737,0.657,0.657,4|10|24|34|35|42|46|56|59|79|85|92|110|118|125|126|130|131|140|145|147|150|173|174|177|179|185|193|196|198,1|1|1|1|1|1|1|1|1|1|1|1|1|1|1|1|1|1|1|1|1|1|1|1|1|1|1|1|1|1
indian_pines,5,linspacer,0.089,0.677,0.618,0.618,20|60|100|139|179,1|1|1|1|1
indian_pines,10,linspacer,0.0,0.718,0.664,0.664,10|30|50|70|90|109|129|149|169|189,1|1|1|1|1|1|1|1|1|1
indian_pines,15,linspacer,0.0,0.731,0.687,0.687,7|20|33|46|60|73|86|100|113|126|139|153|166|179|192,1|1|1|1|1|1|1|1|1|1|1|1|1|1|1
indian_pines,20,linspacer,0.0,0.715,0.644,0.644,5|15|25|35|45|55|65|75|85|95|104|114|124|134|144|154|164|174|184|194,1|1|1|1|1|1|1|1|1|1|1|1|1|1|1|1|1|1|1|1
indian_pines,25,linspacer,0.0,0.741,0.698,0.698,4|12|20|28|36|44|52|60|68|76|84|92|100|107|115|123|131|139|147|155|163|171|179|187|195,1|1|1|1|1|1|1|1|1|1|1|1|1|1|1|1|1|1|1|1|1|1|1|1|1
indian_pines,30,linspacer,0.0,0.724,0.635,0.635,3|10|17|23|30|36|43|50|56|63|70|76|83|90|96|103|109|116|123|129|136|143|149|156|163|169|176|182|189|196,1|1|1|1|1|1|1|1|1|1|1|1|1|1|1|1|1|1|1|1|1|1|1|1|1|1|1|1|1|1
indian_pines,5,pcal,0.131,0.462,0.317,0.317,0|26|27|28|29,0.33537425784633546|0.32100898629666497|0.3214171629160066|0.3258962826500248|0.32341166304288416
indian_pines,10,pcal,0.0,0.489,0.403,0.403,0|23|24|25|26|27|28|29|30|31,0.33537425784633546|0.2910068051028952|0.2965715757121574|0.30832398413695566|0.32100898629666497|0.3214171629160066|0.3258962826500248|0.32341166304288416|0.32017520849679276|0.2897939959490863
indian_pines,15,pcal,0.0,0.553,0.489,0.489,0|21|22|23|24|25|26|27|28|29|30|31|32|60|74,0.33537425784633546|0.270771652631289|0.28074801061579213|0.2910068051028952|0.2965715757121574|0.30832398413695566|0.32100898629666497|0.3214171629160066|0.3258962826500248|0.32341166304288416|0.32017520849679276|0.2897939959490863|0.28078188847714597|0.26577992000613615|0.289540519889453
indian_pines,20,pcal,0.0,0.614,0.55,0.55,0|19|20|21|22|23|24|25|26|27|28|29|30|31|32|39|60|74|107|111,0.33537425784633546|0.2541532062820732|0.2625622660033661|0.270771652631289|0.28074801061579213|0.2910068051028952|0.2965715757121574|0.30832398413695566|0.32100898629666497|0.3214171629160066|0.3258962826500248|0.32341166304288416|0.32017520849679276|0.2897939959490863|0.28078188847714597|0.2558943277602005|0.26577992000613615|0.289540519889453|0.2479209097438632|0.24946396257560144
indian_pines,25,pcal,0.0,0.633,0.568,0.568,0|19|20|21|22|23|24|25|26|27|28|29|30|31|32|33|39|60|74|107|109|110|111|112|113,0.33537425784633546|0.2541532062820732|0.2625622660033661|0.270771652631289|0.28074801061579213|0.2910068051028952|0.2965715757121574|0.30832398413695566|0.32100898629666497|0.3214171629160066|0.3258962826500248|0.32341166304288416|0.32017520849679276|0.2897939959490863|0.28078188847714597|0.24379155996096072|0.2558943277602005|0.26577992000613615|0.289540519889453|0.2479209097438632|0.24738070355367833|0.24304801689344963|0.24946396257560144|0.24307295093212913|0.2414432451801253
indian_pines,30,pcal,0.0,0.637,0.571,0.571,0|19|20|21|22|23|24|25|26|27|28|29|30|31|32|33|39|56|60|74|105|107|108|109|110|111|112|113|114|115,0.33537425784633546|0.2541532062820732|0.2625622660033661|0.270771652631289|0.28074801061579213|0.2910068051028952|0.2965715757121574|0.30832398413695566|0.32100898629666497|0.3214171629160066|0.3258962826500248|0.32341166304288416|0.32017520849679276|0.2897939959490863|0.28078188847714597|0.24379155996096072|0.2558943277602005|0.23801154813842088|0.26577992000613615|0.289540519889453|0.23933609840685244|0.2479209097438632|0.23803470727054377|0.24738070355367833|0.24304801689344963|0.24946396257560144|0.24307295093212913|0.2414432451801253|0.2386553680515847|0.23716550436705144
indian_pines,5,mcuve,2.744,0.451,0.278,0.278,108|109|110|111|112,0.0|0.0|0.0|0.0|0.0
indian_pines,10,mcuve,2.622,0.535,0.45,0.45,108|110|111|112|165|166|167|168|169|172,0.0|0.0|0.0|0.0|0.0|0.0|0.0|0.0|0.0|0.0
indian_pines,15,mcuve,2.614,0.545,0.493,0.493,107|108|110|111|112|113|114|164|165|166|167|168|169|170|173,0.0|0.0|0.0|0.0|0.0|0.0|0.0|0.0|0.0|0.0|0.0|0.0|0.0|0.0|0.0
indian_pines,20,mcuve,2.661,0.544,0.499,0.499,107|108|109|110|111|112|113|114|162|163|164|165|166|167|168|169|170|171|172|173,0.0|0.0|0.0|0.0|0.0|0.0|0.0|0.0|0.0|0.0|0.0|0.0|0.0|0.0|0.0|0.0|0.0|0.0|0.0|0.0
indian_pines,25,mcuve,2.618,0.569,0.527,0.527,107|108|109|110|111|112|113|114|115|116|162|163|164|165|166|167|168|169|170|171|172|173|174|175|176,0.0|0.0|0.0|0.0|0.0|0.0|0.0|0.0|0.0|0.0|0.0|0.0|0.0|0.0|0.0|0.0|0.0|0.0|0.0|0.0|0.0|0.0|0.0|0.0|0.0
indian_pines,30,mcuve,2.628,0.642,0.59,0.59,34|107|108|109|110|111|112|113|114|115|116|117|118|119|120|121|122|163|164|165|166|167|168|169|170|171|172|173|174|175,0.0|0.0|0.0|0.0|0.0|0.0|0.0|0.0|0.0|0.0|0.0|0.0|0.0|0.0|0.0|0.0|0.0|0.0|0.0|0.0|0.0|0.0|0.0|0.0|0.0|0.0|0.0|0.0|0.0|0.0
indian_pines,5,bsnet,92.434,0.659,0.584,0.584,51|59|62|116|163,0.5319337844848633|0.4755806028842926|0.4444795846939087|0.4524761736392975|0.46150293946266174
indian_pines,10,bsnet,0.0,0.671,0.622,0.622,45|51|57|59|62|68|94|116|153|163,0.5087026953697205|0.5319337844848633|0.5404986143112183|0.4755806028842926|0.4444795846939087|0.5071378350257874|0.4834050238132477|0.4524761736392975|0.44966140389442444|0.46150293946266174
indian_pines,15,bsnet,0.0,0.657,0.617,0.617,42|45|48|51|57|59|62|68|74|79|94|116|153|163|186,0.4727187156677246|0.5087026953697205|0.4632033407688141|0.5319337844848633|0.5404986143112183|0.4755806028842926|0.4444795846939087|0.5071378350257874|0.4461917281150818|0.45316919684410095|0.4834050238132477|0.4524761736392975|0.44966140389442444|0.46150293946266174|0.5188454389572144
indian_pines,20,bsnet,0.0,0.714,0.683,0.683,9|42|45|48|50|51|57|59|62|68|74|79|94|108|116|125|153|163|184|186,0.524939775466919|0.4727187156677246|0.5087026953697205|0.4632033407688141|0.47883284091949463|0.5319337844848633|0.5404986143112183|0.4755806028842926|0.4444795846939087|0.5071378350257874|0.4461917281150818|0.45316919684410095|0.4834050238132477|0.42371857166290283|0.4524761736392975|0.5041271448135376|0.44966140389442444|0.46150293946266174|0.4322390556335449|0.5188454389572144
indian_pines,25,bsnet,0.0,0.715,0.684,0.684,9|42|45|48|50|51|55|57|59|62|63|68|74|78|79|94|108|116|125|153|156|163|174|184|186,0.524939775466919|0.4727187156677246|0.5087026953697205|0.4632033407688141|0.47883284091949463|0.5319337844848633|0.4211544394493103|0.5404986143112183|0.4755806028842926|0.4444795846939087|0.5140751600265503|0.5071378350257874|0.4461917281150818|0.5250285863876343|0.45316919684410095|0.4834050238132477|0.42371857166290283|0.4524761736392975|0.5041271448135376|0.44966140389442444|0.5125418901443481|0.46150293946266174|0.46913623809814453|0.4322390556335449|0.5188454389572144
indian_pines,30,bsnet,0.0,0.728,0.691,0.691,9|36|42|45|48|50|51|55|57|59|62|63|68|72|74|78|79|83|94|108|116|125|152|153|156|163|165|174|184|186,0.524939775466919|0.4744790494441986|0.4727187156677246|0.5087026953697205|0.4632033407688141|0.47883284091949463|0.5319337844848633|0.4211544394493103|0.5404986143112183|0.4755806028842926|0.4444795846939087|0.5140751600265503|0.5071378350257874|0.513892650604248|0.4461917281150818|0.5250285863876343|0.45316919684410095|0.5164301991462708|0.4834050238132477|0.42371857166290283|0.4524761736392975|0.5041271448135376|0.5019153952598572|0.44966140389442444|0.5125418901443481|0.46150293946266174|0.4606242775917053|0.46913623809814453|0.4322390556335449|0.5188454389572144
indian_pines,5,bnc,225.884,0.502,0.363,0.363,5|180|182|185|186,0.7136701345443726|0.3275497853755951|0.604037880897522|0.7796199321746826|0.2915409505367279
indian_pines,10,bnc,0.0,0.534,0.443,0.443,5|6|149|151|175|180|182|185|186|197,0.7136701345443726|0.8766190409660339|0.8241984248161316|0.8226485848426819|0.8141565918922424|0.3275497853755951|0.604037880897522|0.7796199321746826|0.2915409505367279|0.868876039981842
indian_pines,15,bnc,0.0,0.642,0.581,0.581,5|6|25|80|107|146|149|151|161|175|180|182|185|186|197,0.7136701345443726|0.8766190409660339|0.7442505359649658|0.5197470188140869|0.415751576423645|0.32968488335609436|0.8241984248161316|0.8226485848426819|0.682851254940033|0.8141565918922424|0.3275497853755951|0.604037880897522|0.7796199321746826|0.2915409505367279|0.868876039981842
indian_pines,20,bnc,0.0,0.674,0.627,0.627,5|6|7|8|25|34|80|107|146|149|151|157|161|167|175|180|182|185|186|197,0.7136701345443726|0.8766190409660339|0.73761385679245|0.7774392366409302|0.7442505359649658|0.5441232919692993|0.5197470188140869|0.415751576423645|0.32968488335609436|0.8241984248161316|0.8226485848426819|0.8098235726356506|0.682851254940033|0.18534396588802338|0.8141565918922424|0.3275497853755951|0.604037880897522|0.7796199321746826|0.2915409505367279|0.868876039981842
indian_pines,25,bnc,0.0,0.691,0.645,0.645,5|6|7|8|9|16|25|26|34|80|107|146|149|151|156|157|161|167|170|175|180|182|185|186|197,0.7136701345443726|0.8766190409660339|0.73761385679245|0.7774392366409302|0.7497348785400391|0.4242180585861206|0.7442505359649658|0.7151582837104797|0.5441232919692993|0.5197470188140869|0.415751576423645|0.32968488335609436|0.8241984248161316|0.8226485848426819|0.6045517325401306|0.8098235726356506|0.682851254940033|0.18534396588802338|0.7705227732658386|0.8141565918922424|0.3275497853755951|0.604037880897522|0.7796199321746826|0.2915409505367279|0.868876039981842
indian_pines,30,bnc,0.0,0.697,0.648,0.648,5|6|7|8|9|16|25|26|34|80|107|142|146|149|151|156|157|161|163|164|167|170|171|175|179|180|182|185|186|197,0.7136701345443726|0.8766190409660339|0.73761385679245|0.7774392366409302|0.7497348785400391|0.4242180585861206|0.7442505359649658|0.7151582837104797|0.5441232919692993|0.5197470188140869|0.415751576423645|0.732100248336792|0.32968488335609436|0.8241984248161316|0.8226485848426819|0.6045517325401306|0.8098235726356506|0.682851254940033|0.8114891052246094|0.8485189080238342|0.18534396588802338|0.7705227732658386|0.022410500794649124|0.8141565918922424|0.38871410489082336|0.3275497853755951|0.604037880897522|0.7796199321746826|0.2915409505367279|0.868876039981842
indian_pines,5,c1,108.57,0.657,0.575,0.575,38|120|128|134|148,0.35963860154151917|0.045941852033138275|0.07928630709648132|0.34122490882873535|0.0327870175242424
indian_pines,10,c1,0.0,0.734,0.692,0.692,7|34|35|38|120|128|129|134|148|175,0.507538378238678|0.414738267660141|1.2609691619873047|0.35963860154151917|0.045941852033138275|0.07928630709648132|0.05891342833638191|0.34122490882873535|0.0327870175242424|1.5489293336868286
indian_pines,15,c1,0.0,0.769,0.75,0.75,7|27|34|35|38|57|59|67|80|120|128|129|134|148|175,0.507538378238678|0.16145659983158112|0.414738267660141|1.2609691619873047|0.35963860154151917|0.09484510868787766|1.1310844421386719|0.9209168553352356|0.2756921350955963|0.045941852033138275|0.07928630709648132|0.05891342833638191|0.34122490882873535|0.0327870175242424|1.5489293336868286
indian_pines,20,c1,0.0,0.783,0.768,0.768,7|27|34|35|38|40|42|57|59|67|80|97|120|128|129|130|134|148|160|175,0.507538378238678|0.16145659983158112|0.414738267660141|1.2609691619873047|0.35963860154151917|0.3477092981338501|0.7580512762069702|0.09484510868787766|1.1310844421386719|0.9209168553352356|0.2756921350955963|0.7476528286933899|0.045941852033138275|0.07928630709648132|0.05891342833638191|1.2578481435775757|0.34122490882873535|0.0327870175242424|0.06912031024694443|1.5489293336868286
indian_pines,25,c1,0.0,0.793,0.77,0.77,7|23|27|34|35|38|40|42|57|59|67|80|97|111|120|128|129|130|134|147|148|160|175|180|181,0.507538378238678|0.293762743473053|0.16145659983158112|0.414738267660141|1.2609691619873047|0.35963860154151917|0.3477092981338501|0.7580512762069702|0.09484510868787766|1.1310844421386719|0.9209168553352356|0.2756921350955963|0.7476528286933899|1.281280279159546|0.045941852033138275|0.07928630709648132|0.05891342833638191|1.2578481435775757|0.34122490882873535|0.07276023924350739|0.0327870175242424|0.06912031024694443|1.5489293336868286|0.06036536023020744|0.3229941129684448
indian_pines,30,c1,0.0,0.801,0.775,0.775,6|7|16|23|27|34|35|38|40|41|42|57|59|67|80|97|111|120|128|129|130|134|147|148|149|160|175|180|181|183,0.7349868416786194|0.507538378238678|1.4648362398147583|0.293762743473053|0.16145659983158112|0.414738267660141|1.2609691619873047|0.35963860154151917|0.3477092981338501|0.1649741530418396|0.7580512762069702|0.09484510868787766|1.1310844421386719|0.9209168553352356|0.2756921350955963|0.7476528286933899|1.281280279159546|0.045941852033138275|0.07928630709648132|0.05891342833638191|1.2578481435775757|0.34122490882873535|0.07276023924350739|0.0327870175242424|0.21148519217967987|0.06912031024694443|1.5489293336868286|0.06036536023020744|0.3229941129684448|0.22116054594516754
indian_pines,5,bsdr,1.886,0.672,0.608,0.608,30|73|102|128|164,1|1|1|1|1
indian_pines,10,bsdr,1.388,0.72,0.679,0.679,19|37|55|74|91|108|126|142|160|178,1|1|1|1|1|1|1|1|1|1
indian_pines,15,bsdr,1.277,0.715,0.678,0.678,11|27|37|50|61|78|85|102|119|127|138|149|163|172|182,1|1|1|1|1|1|1|1|1|1|1|1|1|1|1
indian_pines,20,bsdr,1.356,0.743,0.706,0.706,9|24|28|36|49|56|65|78|85|97|106|112|126|128|140|149|160|168|178|186,1|1|1|1|1|1|1|1|1|1|1|1|1|1|1|1|1|1|1|1
indian_pines,25,bsdr,1.458,0.741,0.695,0.695,8|16|24|30|39|46|53|61|63|74|85|91|100|106|120|127|129|149|153|160|167|172|182|187,1|1|1|1|1|1|1|1|1|1|1|1|1|1|1|1|1|1|1|1|1|1|1|1
indian_pines,30,bsdr,1.475,0.735,0.677,0.677,8|11|23|27|31|39|46|56|60|66|74|75|78|90|99|106|108|112|126|127|140|149|153|158|162|173|179|183|189,1|1|1|1|1|1|1|1|1|1|1|1|1|1|1|1|1|1|1|1|1|1|1|1|1|1|1|1|1
paviaU,5,random,0.0,0.822,0.765,0.765,10|46|58|61|96,1|1|1|1|1
paviaU,10,random,0.0,0.882,0.852,0.852,11|15|28|32|38|42|53|81|90|94,1|1|1|1|1|1|1|1|1|1
paviaU,15,random,0.0,0.899,0.874,0.874,1|7|10|16|34|46|54|56|60|77|83|85|86|99|102,1|1|1|1|1|1|1|1|1|1|1|1|1|1|1
paviaU,20,random,0.0,0.884,0.862,0.862,4|5|7|9|19|28|40|51|52|53|57|60|64|74|78|86|90|93|94|101,1|1|1|1|1|1|1|1|1|1|1|1|1|1|1|1|1|1|1|1
paviaU,25,random,0.0,0.913,0.891,0.891,5|6|7|9|16|20|23|25|30|31|33|36|42|49|52|59|67|68|72|76|79|81|82|94|95,1|1|1|1|1|1|1|1|1|1|1|1|1|1|1|1|1|1|1|1|1|1|1|1|1
paviaU,30,random,0.0,0.913,0.889,0.889,1|4|13|15|16|23|28|29|30|31|34|35|38|39|42|47|50|55|59|61|69|75|77|83|84|88|92|93|99|101,1|1|1|1|1|1|1|1|1|1|1|1|1|1|1|1|1|1|1|1|1|1|1|1|1|1|1|1|1|1
paviaU,5,linspacer,0.001,0.844,0.793,0.793,10|31|51|71|92,1|1|1|1|1
paviaU,10,linspacer,0.0,0.888,0.86,0.86,5|15|26|36|46|56|66|76|87|97,1|1|1|1|1|1|1|1|1|1
paviaU,15,linspacer,0.0,0.903,0.882,0.882,3|10|17|24|31|37|44|51|58|65|71|78|85|92|99,1|1|1|1|1|1|1|1|1|1|1|1|1|1|1
paviaU,20,linspacer,0.0,0.913,0.889,0.889,3|8|13|18|23|28|33|38|43|48|54|59|64|69|74|79|84|89|94|99,1|1|1|1|1|1|1|1|1|1|1|1|1|1|1|1|1|1|1|1
paviaU,25,linspacer,0.0,0.917,0.894,0.894,2|6|10|14|18|22|27|31|35|39|43|47|51|55|59|63|67|71|75|80|84|88|92|96|100,1|1|1|1|1|1|1|1|1|1|1|1|1|1|1|1|1|1|1|1|1|1|1|1|1
paviaU,30,linspacer,0.0,0.907,0.886,0.886,2|5|8|12|15|19|22|26|29|32|36|39|43|46|49|53|56|60|63|66|70|73|76|80|83|87|90|94|97|100,1|1|1|1|1|1|1|1|1|1|1|1|1|1|1|1|1|1|1|1|1|1|1|1|1|1|1|1|1|1
paviaU,5,pcal,0.022,0.666,0.498,0.498,15|16|17|18|19,0.14836821184358442|0.14949245949491596|0.14992907906862|0.1492463459286851|0.14849944357787884
paviaU,10,pcal,0.0,0.791,0.725,0.725,14|15|16|17|18|19|20|87|88|89,0.14743865556324243|0.14836821184358442|0.14949245949491596|0.14992907906862|0.1492463459286851|0.14849944357787884|0.14777928257701137|0.14775968388941568|0.14763096908565979|0.14740170490859628
paviaU,15,pcal,0.0,0.808,0.754,0.754,13|14|15|16|17|18|19|20|21|86|87|88|89|90|91,0.14584739016934758|0.14743865556324243|0.14836821184358442|0.14949245949491596|0.14992907906862|0.1492463459286851|0.14849944357787884|0.14777928257701137|0.14690801502312115|0.14715665453375407|0.14775968388941568|0.14763096908565979|0.14740170490859628|0.147193555003364|0.1460263430827653
paviaU,20,pcal,0.0,0.868,0.833,0.833,13|14|15|16|17|18|19|20|21|22|23|82|86|87|88|89|90|91|92|93,0.14584739016934758|0.14743865556324243|0.14836821184358442|0.14949245949491596|0.14992907906862|0.1492463459286851|0.14849944357787884|0.14777928257701137|0.14690801502312115|0.14544870207115887|0.14429023959796636|0.1449445621490094|0.14715665453375407|0.14775968388941568|0.14763096908565979|0.14740170490859628|0.147193555003364|0.1460263430827653|0.14482038381862714|0.14444406557917722
paviaU,25,pcal,0.0,0.881,0.849,0.849,13|14|15|16|17|18|19|20|21|22|23|24|82|85|86|87|88|89|90|91|92|93|94|101|102,0.14584739016934758|0.14743865556324243|0.14836821184358442|0.14949245949491596|0.14992907906862|0.1492463459286851|0.14849944357787884|0.14777928257701137|0.14690801502312115|0.14544870207115887|0.14429023959796636|0.14401479435596864|0.1449445621490094|0.14411405902585062|0.14715665453375407|0.14775968388941568|0.14763096908565979|0.14740170490859628|0.147193555003364|0.1460263430827653|0.14482038381862714|0.14444406557917722|0.1442312733269655|0.1442725760454679|0.14389003413741888
paviaU,30,pcal,0.0,0.885,0.852,0.852,12|13|14|15|16|17|18|19|20|21|22|23|24|25|81|82|85|86|87|88|89|90|91|92|93|94|95|96|101|102,0.14281314872199002|0.14584739016934758|0.14743865556324243|0.14836821184358442|0.14949245949491596|0.14992907906862|0.1492463459286851|0.14849944357787884|0.14777928257701137|0.14690801502312115|0.14544870207115887|0.14429023959796636|0.14401479435596864|0.14374719429263377|0.14307736264095824|0.1449445621490094|0.14411405902585062|0.14715665453375407|0.14775968388941568|0.14763096908565979|0.14740170490859628|0.147193555003364|0.1460263430827653|0.14482038381862714|0.14444406557917722|0.1442312733269655|0.14315183506726914|0.14324732018396424|0.1442725760454679|0.14389003413741888
paviaU,5,mcuve,6.356,0.665,0.543,0.543,29|30|31|32|33,0.0|0.0|0.0|0.0|0.0
paviaU,10,mcuve,6.374,0.721,0.625,0.625,27|28|29|30|31|32|33|34|35|36,0.0|0.0|0.0|0.0|0.0|0.0|0.0|0.0|0.0|0.0
paviaU,15,mcuve,6.371,0.826,0.781,0.781,25|26|27|28|29|30|31|32|33|34|35|36|100|101|102,0.0|0.0|0.0|0.0|0.0|0.0|0.0|0.0|0.0|0.0|0.0|0.0|0.0|0.0|0.0
paviaU,20,mcuve,6.387,0.844,0.805,0.805,20|21|22|23|24|25|26|27|28|29|30|31|32|33|34|35|36|37|38|101,0.0|0.0|0.0|0.0|0.0|0.0|0.0|0.0|0.0|0.0|0.0|0.0|0.0|0.0|0.0|0.0|0.0|0.0|0.0|0.0
paviaU,25,mcuve,6.426,0.868,0.84,0.84,23|24|25|26|27|28|29|30|31|32|33|34|35|36|37|38|74|75|96|97|98|99|100|101|102,0.0|0.0|0.0|0.0|0.0|0.0|0.0|0.0|0.0|0.0|0.0|0.0|0.0|0.0|0.0|0.0|0.0|0.0|0.0|0.0|0.0|0.0|0.0|0.0|0.0
paviaU,30,mcuve,6.386,0.865,0.838,0.838,18|19|20|21|22|23|24|25|26|27|28|29|30|31|32|33|34|35|36|37|38|39|74|75|97|98|99|100|101|102,0.0|0.0|0.0|0.0|0.0|0.0|0.0|0.0|0.0|0.0|0.0|0.0|0.0|0.0|0.0|0.0|0.0|0.0|0.0|0.0|0.0|0.0|0.0|0.0|0.0|0.0|0.0|0.0|0.0|0.0
paviaU,5,bsnet,340.517,0.824,0.761,0.761,30|40|49|76|91,0.4338291585445404|0.4409463405609131|0.4160270690917969|0.3759586215019226|0.4334467053413391
paviaU,10,bsnet,0.0,0.881,0.85,0.85,11|23|30|38|40|49|76|84|91|96,0.4621947705745697|0.5382494926452637|0.4338291585445404|0.460814893245697|0.4409463405609131|0.4160270690917969|0.3759586215019226|0.5380492210388184|0.4334467053413391|0.47254103422164917
paviaU,15,bsnet,0.0,0.894,0.871,0.871,7|11|19|23|30|38|40|49|51|56|76|84|88|91|96,0.4754957854747772|0.4621947705745697|0.4914925992488861|0.5382494926452637|0.4338291585445404|0.460814893245697|0.4409463405609131|0.4160270690917969|0.5433396100997925|0.4801226258277893|0.3759586215019226|0.5380492210388184|0.4879530668258667|0.4334467053413391|0.47254103422164917
paviaU,20,bsnet,0.0,0.908,0.887,0.887,6|7|11|19|23|30|34|38|40|49|51|56|57|76|83|84|88|91|96|102,0.4662310779094696|0.4754957854747772|0.4621947705745697|0.4914925992488861|0.5382494926452637|0.4338291585445404|0.4894292950630188|0.460814893245697|0.4409463405609131|0.4160270690917969|0.5433396100997925|0.4801226258277893|0.5160424709320068|0.3759586215019226|0.5398964881896973|0.5380492210388184|0.4879530668258667|0.4334467053413391|0.47254103422164917|0.4656620919704437
paviaU,25,bsnet,0.0,0.905,0.883,0.883,6|7|11|19|23|30|34|38|40|44|49|51|53|56|57|76|83|84|88|89|90|91|96|100|102,0.4662310779094696|0.4754957854747772|0.4621947705745697|0.4914925992488861|0.5382494926452637|0.4338291585445404|0.4894292950630188|0.460814893245697|0.4409463405609131|0.5161752104759216|0.4160270690917969|0.5433396100997925|0.43826353549957275|0.4801226258277893|0.5160424709320068|0.3759586215019226|0.5398964881896973|0.5380492210388184|0.4879530668258667|0.5447310209274292|0.5153583884239197|0.4334467053413391|0.47254103422164917|0.4911831021308899|0.4656620919704437
paviaU,30,bsnet,0.0,0.906,0.885,0.885,6|7|11|17|19|20|21|23|30|32|34|38|40|44|49|51|53|56|57|63|76|83|84|88|89|90|91|96|100|102,0.4662310779094696|0.4754957854747772|0.4621947705745697|0.47824496030807495|0.4914925992488861|0.4783913791179657|0.4695494771003723|0.5382494926452637|0.4338291585445404|0.4866701066493988|0.4894292950630188|0.460814893245697|0.4409463405609131|0.5161752104759216|0.4160270690917969|0.5433396100997925|0.43826353549957275|0.4801226258277893|0.5160424709320068|0.4802411198616028|0.3759586215019226|0.5398964881896973|0.5380492210388184|0.4879530668258667|0.5447310209274292|0.5153583884239197|0.4334467053413391|0.47254103422164917|0.4911831021308899|0.4656620919704437
paviaU,5,bnc,867.473,0.806,0.747,0.747,13|18|21|43|60,0.5009478330612183|0.3839336335659027|0.344385027885437|0.6482938528060913|0.4250187873840332
paviaU,10,bnc,813.635,0.877,0.852,0.852,7|9|18|20|41|45|60|64|69|99,0.5320852994918823|0.6380231976509094|0.5748279094696045|0.5428324937820435|0.4610884189605713|0.4400315284729004|0.43908557295799255|0.365619033575058|0.3999083936214447|0.6291396021842957
paviaU,15,bnc,0.0,0.888,0.866,0.866,7|9|18|20|23|39|41|45|57|58|60|64|69|92|99,0.5320852994918823|0.6380231976509094|0.5748279094696045|0.5428324937820435|0.5485565662384033|0.4017030894756317|0.4610884189605713|0.4400315284729004|0.559177815914154|0.5545207262039185|0.43908557295799255|0.365619033575058|0.3999083936214447|0.4643406569957733|0.6291396021842957
paviaU,20,bnc,0.0,0.907,0.885,0.885,7|9|18|20|23|26|27|39|41|45|52|57|58|60|64|69|81|92|99|102,0.5320852994918823|0.6380231976509094|0.5748279094696045|0.5428324937820435|0.5485565662384033|0.6208143830299377|0.3957342505455017|0.4017030894756317|0.4610884189605713|0.4400315284729004|0.43179959058761597|0.559177815914154|0.5545207262039185|0.43908557295799255|0.365619033575058|0.3999083936214447|0.505450427532196|0.4643406569957733|0.6291396021842957|0.5054935216903687
paviaU,25,bnc,0.0,0.915,0.892,0.892,7|8|9|18|20|23|26|27|39|41|45|52|53|57|58|60|64|65|67|69|81|84|92|99|102,0.5320852994918823|0.5117958784103394|0.6380231976509094|0.5748279094696045|0.5428324937820435|0.5485565662384033|0.6208143830299377|0.3957342505455017|0.4017030894756317|0.4610884189605713|0.4400315284729004|0.43179959058761597|0.4869718551635742|0.559177815914154|0.5545207262039185|0.43908557295799255|0.365619033575058|0.5973769426345825|0.4996684491634369|0.3999083936214447|0.505450427532196|0.630846381187439|0.4643406569957733|0.6291396021842957|0.5054935216903687
paviaU,30,bnc,0.0,0.914,0.891,0.891,7|8|9|14|18|20|23|26|27|29|39|41|44|45|52|53|54|57|58|60|64|65|67|69|81|84|88|92|99|102,0.5320852994918823|0.5117958784103394|0.6380231976509094|0.5651283264160156|0.5748279094696045|0.5428324937820435|0.5485565662384033|0.6208143830299377|0.3957342505455017|0.5865522623062134|0.4017030894756317|0.4610884189605713|0.47031718492507935|0.4400315284729004|0.43179959058761597|0.4869718551635742|0.39374691247940063|0.559177815914154|0.5545207262039185|0.43908557295799255|0.365619033575058|0.5973769426345825|0.4996684491634369|0.3999083936214447|0.505450427532196|0.630846381187439|0.5888491272926331|0.4643406569957733|0.6291396021842957|0.5054935216903687
paviaU,5,c1,319.161,0.892,0.836,0.836,64|71|82|84|99,0.013915562070906162|0.13048724830150604|0.023568738251924515|0.04024314507842064|0.07426280528306961
paviaU,10,c1,0.0,0.92,0.892,0.892,26|41|63|64|66|71|82|84|85|99,0.017023922875523567|0.06192954629659653|0.07649338990449905|0.013915562070906162|0.3693205714225769|0.13048724830150604|0.023568738251924515|0.04024314507842064|0.34972161054611206|0.07426280528306961
paviaU,15,c1,0.0,0.924,0.9,0.9,14|26|38|41|63|64|66|71|75|76|82|84|85|96|99,0.01333193015307188|0.017023922875523567|0.5697576403617859|0.06192954629659653|0.07649338990449905|0.013915562070906162|0.3693205714225769|0.13048724830150604|0.0830581858754158|0.08216013759374619|0.023568738251924515|0.04024314507842064|0.34972161054611206|0.06647513061761856|0.07426280528306961
paviaU,20,c1,0.0,0.924,0.9,0.9,14|17|20|23|26|38|41|63|64|66|71|75|76|78|81|82|84|85|96|99,0.01333193015307188|0.34501153230667114|0.14696210622787476|0.48974213004112244|0.017023922875523567|0.5697576403617859|0.06192954629659653|0.07649338990449905|0.013915562070906162|0.3693205714225769|0.13048724830150604|0.0830581858754158|0.08216013759374619|0.3876626193523407|0.06891126930713654|0.023568738251924515|0.04024314507842064|0.34972161054611206|0.06647513061761856|0.07426280528306961
paviaU,25,c1,0.0,0.923,0.898,0.898,14|17|20|23|26|38|41|53|58|63|64|66|69|70|71|73|75|76|78|81|82|84|85|96|99,0.01333193015307188|0.34501153230667114|0.14696210622787476|0.48974213004112244|0.017023922875523567|0.5697576403617859|0.06192954629659653|0.47762373089790344|0.08092325925827026|0.07649338990449905|0.013915562070906162|0.3693205714225769|0.1654176115989685|0.48539257049560547|0.13048724830150604|0.234195739030838|0.0830581858754158|0.08216013759374619|0.3876626193523407|0.06891126930713654|0.023568738251924515|0.04024314507842064|0.34972161054611206|0.06647513061761856|0.07426280528306961
paviaU,30,c1,0.0,0.922,0.895,0.895,14|17|20|23|26|32|35|38|41|42|53|58|63|64|66|69|70|71|73|75|76|78|81|82|84|85|92|96|98|99,0.01333193015307188|0.34501153230667114|0.14696210622787476|0.48974213004112244|0.017023922875523567|0.020346861332654953|0.6599020957946777|0.5697576403617859|0.06192954629659653|0.21902021765708923|0.47762373089790344|0.08092325925827026|0.07649338990449905|0.013915562070906162|0.3693205714225769|0.1654176115989685|0.48539257049560547|0.13048724830150604|0.234195739030838|0.0830581858754158|0.08216013759374619|0.3876626193523407|0.06891126930713654|0.023568738251924515|0.04024314507842064|0.34972161054611206|0.019484946504235268|0.06647513061761856|0.08444857597351074|0.07426280528306961
paviaU,5,bsdr,3.953,0.854,0.815,0.815,17|27|42|74|85,1|1|1|1|1
paviaU,10,bsdr,4.084,0.891,0.862,0.862,14|17|27|31|41|58|70|76|85|94,1|1|1|1|1|1|1|1|1|1
paviaU,15,bsdr,4.32,0.894,0.866,0.866,11|16|20|27|28|30|35|51|52|70|75|78|85|93|94,1|1|1|1|1|1|1|1|1|1|1|1|1|1|1
paviaU,20,bsdr,4.492,0.896,0.871,0.871,9|14|16|17|27|28|31|32|40|42|53|59|64|75|76|78|85|93|99,1|1|1|1|1|1|1|1|1|1|1|1|1|1|1|1|1|1|1
paviaU,25,bsdr,4.696,0.904,0.88,0.88,6|13|16|17|20|25|27|30|31|35|41|52|56|73|74|75|76|79|80|85|93|99,1|1|1|1|1|1|1|1|1|1|1|1|1|1|1|1|1|1|1|1|1|1
paviaU,30,bsdr,4.86,0.905,0.882,0.882,4|10|14|15|17|20|27|30|32|41|51|56|60|64|75|76|80|85|93|100,1|1|1|1|1|1|1|1|1|1|1|1|1|1|1|1|1|1|1|1
salinas,5,random,0.001,0.876,0.918,0.918,0|25|40|109|166,1|1|1|1|1
salinas,10,random,0.0,0.89,0.929,0.929,1|5|16|78|135|146|178|179|187|201,1|1|1|1|1|1|1|1|1|1
salinas,15,random,0.0,0.923,0.957,0.957,16|27|40|41|49|57|80|90|106|125|129|141|152|153|165,1|1|1|1|1|1|1|1|1|1|1|1|1|1|1
salinas,20,random,0.0,0.92,0.955,0.955,1|8|9|11|16|21|22|28|42|44|56|70|93|103|125|135|141|151|189|191,1|1|1|1|1|1|1|1|1|1|1|1|1|1|1|1|1|1|1|1
salinas,25,random,0.0,0.922,0.958,0.958,3|5|8|30|47|49|58|79|84|93|111|112|113|117|134|139|147|150|157|166|178|184|185|188|190,1|1|1|1|1|1|1|1|1|1|1|1|1|1|1|1|1|1|1|1|1|1|1|1|1
salinas,30,random,0.0,0.924,0.959,0.959,12|15|17|18|22|24|48|50|58|60|61|62|69|74|114|121|132|136|138|139|143|150|169|173|176|183|187|190|192|199,1|1|1|1|1|1|1|1|1|1|1|1|1|1|1|1|1|1|1|1|1|1|1|1|1|1|1|1|1|1
salinas,5,linspacer,0.001,0.9,0.939,0.939,20|61|102|142|183,1|1|1|1|1
salinas,10,linspacer,0.001,0.914,0.952,0.952,10|30|51|71|91|112|132|152|173|193,1|1|1|1|1|1|1|1|1|1
salinas,15,linspacer,0.0,0.92,0.957,0.957,7|20|34|47|61|74|88|102|115|129|142|156|169|183|196,1|1|1|1|1|1|1|1|1|1|1|1|1|1|1
salinas,20,linspacer,0.0,0.923,0.958,0.958,5|15|25|36|46|56|66|76|86|96|107|117|127|137|147|157|167|178|188|198,1|1|1|1|1|1|1|1|1|1|1|1|1|1|1|1|1|1|1|1
salinas,25,linspacer,0.0,0.927,0.962,0.962,4|12|20|28|37|45|53|61|69|77|85|93|102|110|118|126|134|142|150|158|166|175|183|191|199,1|1|1|1|1|1|1|1|1|1|1|1|1|1|1|1|1|1|1|1|1|1|1|1|1
salinas,30,linspacer,0.0,0.927,0.962,0.962,3|10|17|24|30|37|44|51|58|64|71|78|85|91|98|105|112|118|125|132|139|145|152|159|166|173|179|186|193|200,1|1|1|1|1|1|1|1|1|1|1|1|1|1|1|1|1|1|1|1|1|1|1|1|1|1|1|1|1|1
salinas,5,pcal,0.051,0.758,0.763,0.763,41|42|43|44|45,0.29114469467495074|0.29565961913067057|0.29489098911737416|0.2909061468848494|0.2873649495145884
salinas,10,pcal,0.0,0.808,0.837,0.837,40|41|42|43|44|45|46|47|48|49,0.2707689805424668|0.29114469467495074|0.29565961913067057|0.29489098911737416|0.2909061468848494|0.2873649495145884|0.28479036366509725|0.2812660938151055|0.27885519302894535|0.27402276717600793
salinas,15,pcal,0.0,0.836,0.873,0.873,40|41|42|43|44|45|46|47|48|49|50|51|52|53|54,0.2707689805424668|0.29114469467495074|0.29565961913067057|0.29489098911737416|0.2909061468848494|0.2873649495145884|0.28479036366509725|0.2812660938151055|0.27885519302894535|0.27402276717600793|0.2700405067934561|0.26711774351029066|0.26377608390980517|0.26093609064438855|0.2579253508294103
salinas,20,pcal,0.0,0.855,0.888,0.888,40|41|42|43|44|45|46|47|48|49|50|51|52|53|54|55|56|57|58|59,0.2707689805424668|0.29114469467495074|0.29565961913067057|0.29489098911737416|0.2909061468848494|0.2873649495145884|0.28479036366509725|0.2812660938151055|0.27885519302894535|0.27402276717600793|0.2700405067934561|0.26711774351029066|0.26377608390980517|0.26093609064438855|0.2579253508294103|0.2549174333258551|0.2517535346607234|0.2493164220909433|0.24637460486164073|0.24306590271472253
salinas,25,pcal,0.0,0.875,0.91,0.91,40|41|42|43|44|45|46|47|48|49|50|51|52|53|54|55|56|57|58|59|60|61|72|73|74,0.2707689805424668|0.29114469467495074|0.29565961913067057|0.29489098911737416|0.2909061468848494|0.2873649495145884|0.28479036366509725|0.2812660938151055|0.27885519302894535|0.27402276717600793|0.2700405067934561|0.26711774351029066|0.26377608390980517|0.26093609064438855|0.2579253508294103|0.2549174333258551|0.2517535346607234|0.2493164220909433|0.24637460486164073|0.24306590271472253|0.23638520299428994|0.2313943091095714|0.2202640011308705|0.22042990299537785|0.2209226478779352
salinas,30,pcal,0.0,0.88,0.914,0.914,40|41|42|43|44|45|46|47|48|49|50|51|52|53|54|55|56|57|58|59|60|61|62|70|71|72|73|74|75|76,0.2707689805424668|0.29114469467495074|0.29565961913067057|0.29489098911737416|0.2909061468848494|0.2873649495145884|0.28479036366509725|0.2812660938151055|0.27885519302894535|0.27402276717600793|0.2700405067934561|0.26711774351029066|0.26377608390980517|0.26093609064438855|0.2579253508294103|0.2549174333258551|0.2517535346607234|0.2493164220909433|0.24637460486164073|0.24306590271472253|0.23638520299428994|0.2313943091095714|0.2143937100382403|0.21494035819681578|0.2177732453213723|0.2202640011308705|0.22042990299537785|0.2209226478779352|0.22008505456248675|0.21612265280773654
salinas,5,mcuve,16.352,0.756,0.758,0.758,46|50|51|52|53,0.0|0.0|0.0|0.0|0.0
salinas,10,mcuve,16.357,0.78,0.794,0.794,46|47|48|49|50|51|52|53|54|55,0.0|0.0|0.0|0.0|0.0|0.0|0.0|0.0|0.0|0.0
salinas,15,mcuve,16.375,0.821,0.855,0.855,41|42|43|44|45|46|47|48|49|50|51|52|53|54|55,0.0|0.0|0.0|0.0|0.0|0.0|0.0|0.0|0.0|0.0|0.0|0.0|0.0|0.0|0.0
salinas,20,mcuve,16.431,0.855,0.888,0.888,40|41|42|43|44|45|46|47|48|49|50|51|52|53|54|55|56|57|58|59,0.0|0.0|0.0|0.0|0.0|0.0|0.0|0.0|0.0|0.0|0.0|0.0|0.0|0.0|0.0|0.0|0.0|0.0|0.0|0.0
salinas,25,mcuve,16.63,0.881,0.916,0.916,39|40|41|42|43|44|45|46|47|48|49|50|51|52|53|54|55|56|57|58|59|60|72|73|74,0.0|0.0|0.0|0.0|0.0|0.0|0.0|0.0|0.0|0.0|0.0|0.0|0.0|0.0|0.0|0.0|0.0|0.0|0.0|0.0|0.0|0.0|0.0|0.0|0.0
salinas,30,mcuve,16.587,0.887,0.92,0.92,39|40|41|42|43|44|45|46|47|48|49|50|51|52|53|54|55|56|57|58|59|60|61|69|70|71|72|73|74|75,0.0|0.0|0.0|0.0|0.0|0.0|0.0|0.0|0.0|0.0|0.0|0.0|0.0|0.0|0.0|0.0|0.0|0.0|0.0|0.0|0.0|0.0|0.0|0.0|0.0|0.0|0.0|0.0|0.0|0.0
salinas,5,bsnet,404.231,0.884,0.936,0.936,34|119|143|156|177,0.4536285996437073|0.48632320761680603|0.4656235873699188|0.36562246084213257|0.4419845640659332
salinas,10,bsnet,0.0,0.891,0.94,0.94,34|111|119|143|147|156|164|177|187|192,0.4536285996437073|0.5121374726295471|0.48632320761680603|0.4656235873699188|0.48717060685157776|0.36562246084213257|0.514901340007782|0.4419845640659332|0.48568102717399597|0.4831109344959259
salinas,15,bsnet,0.0,0.91,0.953,0.953,21|23|34|60|111|119|126|135|143|147|156|164|177|187|192,0.4758981764316559|0.5326926708221436|0.4536285996437073|0.48354026675224304|0.5121374726295471|0.48632320761680603|0.5096559524536133|0.5026313662528992|0.4656235873699188|0.48717060685157776|0.36562246084213257|0.514901340007782|0.4419845640659332|0.48568102717399597|0.4831109344959259
salinas,20,bsnet,0.0,0.92,0.958,0.958,21|23|34|42|48|60|98|111|119|126|135|139|143|147|156|161|164|177|187|192,0.4758981764316559|0.5326926708221436|0.4536285996437073|0.47138088941574097|0.5035430788993835|0.48354026675224304|0.5238983035087585|0.5121374726295471|0.48632320761680603|0.5096559524536133|0.5026313662528992|0.48531776666641235|0.4656235873699188|0.48717060685157776|0.36562246084213257|0.5233108401298523|0.514901340007782|0.4419845640659332|0.48568102717399597|0.4831109344959259
salinas,25,bsnet,0.0,0.922,0.96,0.96,21|23|34|42|48|60|88|94|98|111|119|121|126|134|135|139|143|147|156|157|161|164|177|187|192,0.4758981764316559|0.5326926708221436|0.4536285996437073|0.47138088941574097|0.5035430788993835|0.48354026675224304|0.5517575144767761|0.47963401675224304|0.5238983035087585|0.5121374726295471|0.48632320761680603|0.5270165205001831|0.5096559524536133|0.45420438051223755|0.5026313662528992|0.48531776666641235|0.4656235873699188|0.48717060685157776|0.36562246084213257|0.5538361668586731|0.5233108401298523|0.514901340007782|0.4419845640659332|0.48568102717399597|0.4831109344959259
salinas,30,bsnet,0.0,0.924,0.961,0.961,21|23|34|40|42|48|59|60|88|90|94|98|111|119|121|126|130|134|135|139|143|147|156|157|161|164|177|187|192|193,0.4758981764316559|0.5326926708221436|0.4536285996437073|0.5326209664344788|0.47138088941574097|0.5035430788993835|0.49300798773765564|0.48354026675224304|0.5517575144767761|0.5116071105003357|0.47963401675224304|0.5238983035087585|0.5121374726295471|0.48632320761680603|0.5270165205001831|0.5096559524536133|0.5317442417144775|0.45420438051223755|0.5026313662528992|0.48531776666641235|0.4656235873699188|0.48717060685157776|0.36562246084213257|0.5538361668586731|0.5233108401298523|0.514901340007782|0.4419845640659332|0.48568102717399597|0.4831109344959259|0.5109639763832092
salinas,5,bnc,1022.676,0.755,0.781,0.781,108|144|146|148|149,0.48882949352264404|0.32478198409080505|0.43677443265914917|0.3115936815738678|0.4664352536201477
salinas,10,bnc,0.0,0.897,0.942,0.942,16|23|31|108|139|144|146|148|149|182,0.7294438481330872|0.602836012840271|0.4580014646053314|0.48882949352264404|0.7065845727920532|0.32478198409080505|0.43677443265914917|0.3115936815738678|0.4664352536201477|0.6123397946357727
salinas,15,bnc,0.0,0.9,0.944,0.944,16|23|31|108|112|135|139|143|144|146|148|149|174|178|182,0.7294438481330872|0.602836012840271|0.4580014646053314|0.48882949352264404|0.7114463448524475|0.6474933624267578|0.7065845727920532|0.6293875575065613|0.32478198409080505|0.43677443265914917|0.3115936815738678|0.4664352536201477|0.7619125247001648|0.5699629187583923|0.6123397946357727
salinas,20,bnc,0.0,0.906,0.951,0.951,13|16|19|23|31|108|112|122|135|139|140|143|144|146|148|149|155|174|178|182,0.6598914265632629|0.7294438481330872|0.4053539037704468|0.602836012840271|0.4580014646053314|0.48882949352264404|0.7114463448524475|0.7711907029151917|0.6474933624267578|0.7065845727920532|0.8148218989372253|0.6293875575065613|0.32478198409080505|0.43677443265914917|0.3115936815738678|0.4664352536201477|0.6062484383583069|0.7619125247001648|0.5699629187583923|0.6123397946357727
salinas,25,bnc,0.0,0.91,0.954,0.954,7|13|16|19|23|31|108|112|122|135|139|140|143|144|146|148|149|154|155|157|164|166|174|178|182,0.4521281123161316|0.6598914265632629|0.7294438481330872|0.4053539037704468|0.602836012840271|0.4580014646053314|0.48882949352264404|0.7114463448524475|0.7711907029151917|0.6474933624267578|0.7065845727920532|0.8148218989372253|0.6293875575065613|0.32478198409080505|0.43677443265914917|0.3115936815738678|0.4664352536201477|0.5295546650886536|0.6062484383583069|0.3812043070793152|0.8477612733840942|0.6396774649620056|0.7619125247001648|0.5699629187583923|0.6123397946357727
salinas,30,bnc,0.0,0.91,0.955,0.955,6|7|10|13|16|19|23|28|31|108|112|122|132|135|139|140|143|144|146|148|149|154|155|157|164|165|166|174|178|182,0.5766849517822266|0.4521281123161316|0.5601735711097717|0.6598914265632629|0.7294438481330872|0.4053539037704468|0.602836012840271|0.6403691172599792|0.4580014646053314|0.48882949352264404|0.7114463448524475|0.7711907029151917|0.4615578055381775|0.6474933624267578|0.7065845727920532|0.8148218989372253|0.6293875575065613|0.32478198409080505|0.43677443265914917|0.3115936815738678|0.4664352536201477|0.5295546650886536|0.6062484383583069|0.3812043070793152|0.8477612733840942|0.7124105095863342|0.6396774649620056|0.7619125247001648|0.5699629187583923|0.6123397946357727
salinas,5,c1,388.484,0.867,0.917,0.917,17|29|107|108|150,0.06901414692401886|0.17922243475914001|0.04025781527161598|0.1952539086341858|0.1758456975221634
salinas,10,c1,0.0,0.914,0.955,0.955,17|29|41|67|107|108|132|139|150|181,0.06901414692401886|0.17922243475914001|0.1820303350687027|0.5017381310462952|0.04025781527161598|0.1952539086341858|0.10803038626909256|0.1918279528617859|0.1758456975221634|0.45867547392845154
salinas,15,c1,0.0,0.924,0.96,0.96,9|11|17|29|41|51|67|90|91|107|108|132|139|150|181,0.01592460460960865|0.008371178060770035|0.06901414692401886|0.17922243475914001|0.1820303350687027|0.017289232462644577|0.5017381310462952|0.0140765979886055|0.4938041567802429|0.04025781527161598|0.1952539086341858|0.10803038626909256|0.1918279528617859|0.1758456975221634|0.45867547392845154
salinas,20,c1,0.0,0.929,0.963,0.963,8|9|11|17|29|37|41|51|67|81|82|90|91|107|108|132|139|150|156|181,0.1989082247018814|0.01592460460960865|0.008371178060770035|0.06901414692401886|0.17922243475914001|0.031078536063432693|0.1820303350687027|0.017289232462644577|0.5017381310462952|0.7942526936531067|0.18104442954063416|0.0140765979886055|0.4938041567802429|0.04025781527161598|0.1952539086341858|0.10803038626909256|0.1918279528617859|0.1758456975221634|0.17526483535766602|0.45867547392845154
salinas,25,c1,0.0,0.933,0.965,0.965,8|9|11|17|29|37|38|41|51|62|67|80|81|82|90|91|98|107|108|132|139|150|156|157|181,0.1989082247018814|0.01592460460960865|0.008371178060770035|0.06901414692401886|0.17922243475914001|0.031078536063432693|0.015310299582779408|0.1820303350687027|0.017289232462644577|0.023574164137244225|0.5017381310462952|0.006471884436905384|0.7942526936531067|0.18104442954063416|0.0140765979886055|0.4938041567802429|0.10248884558677673|0.04025781527161598|0.1952539086341858|0.10803038626909256|0.1918279528617859|0.1758456975221634|0.17526483535766602|0.01249835267663002|0.45867547392845154
salinas,30,c1,0.0,0.933,0.966,0.966,8|9|11|17|29|32|37|38|41|43|48|51|62|67|80|81|82|90|91|98|107|108|110|132|139|144|150|156|157|181,0.1989082247018814|0.01592460460960865|0.008371178060770035|0.06901414692401886|0.17922243475914001|0.03300383314490318|0.031078536063432693|0.015310299582779408|0.1820303350687027|0.01432131789624691|0.18732672929763794|0.017289232462644577|0.023574164137244225|0.5017381310462952|0.006471884436905384|0.7942526936531067|0.18104442954063416|0.0140765979886055|0.4938041567802429|0.10248884558677673|0.04025781527161598|0.1952539086341858|0.2406405806541443|0.10803038626909256|0.1918279528617859|0.6446388959884644|0.1758456975221634|0.17526483535766602|0.01249835267663002|0.45867547392845154
salinas,5,bsdr,4.899,0.899,0.941,0.941,31|72|97|134|160,1|1|1|1|1
salinas,10,bsdr,5.187,0.915,0.952,0.952,22|32|48|72|93|112|129|140|161|185,1|1|1|1|1|1|1|1|1|1
salinas,15,bsdr,5.522,0.919,0.957,0.957,13|25|42|48|58|75|93|97|121|126|140|152|160|175|191,1|1|1|1|1|1|1|1|1|1|1|1|1|1|1
salinas,20,bsdr,5.83,0.921,0.958,0.958,13|21|26|42|58|72|74|79|102|103|120|126|134|140|152|158|168|184|192,1|1|1|1|1|1|1|1|1|1|1|1|1|1|1|1|1|1|1
salinas,25,bsdr,6.09,0.924,0.96,0.96,12|15|23|25|42|48|58|74|75|81|94|103|112|119|126|129|140|152|162|166|174|188|192,1|1|1|1|1|1|1|1|1|1|1|1|1|1|1|1|1|1|1|1|1|1|1
salinas,30,bsdr,6.439,0.925,0.961,0.961,10|19|22|37|42|48|58|61|70|73|94|102|103|112|119|126|129|134|141|152|157|160|165|175|184|191|195,1|1|1|1|1|1|1|1|1|1|1|1|1|1|1|1|1|1|1|1|1|1|1|1|1|1|1
ghisaconus,5,random,0.0,0.613,0.542,0.542,36|37|63|88|106,1|1|1|1|1
ghisaconus,10,random,0.0,0.647,0.609,0.609,0|5|12|52|65|71|90|110|124|125,1|1|1|1|1|1|1|1|1|1
ghisaconus,15,random,0.0,0.69,0.64,0.64,2|19|23|34|42|47|80|81|85|88|89|100|103|121|125,1|1|1|1|1|1|1|1|1|1|1|1|1|1|1
ghisaconus,20,random,0.0,0.707,0.664,0.664,1|3|9|24|30|53|70|84|87|88|89|96|97|103|109|110|117|120|121|126,1|1|1|1|1|1|1|1|1|1|1|1|1|1|1|1|1|1|1|1
ghisaconus,25,random,0.0,0.692,0.646,0.646,15|23|35|42|49|52|54|62|65|70|73|74|79|82|83|86|87|90|92|93|105|106|117|129|130,1|1|1|1|1|1|1|1|1|1|1|1|1|1|1|1|1|1|1|1|1|1|1|1|1
ghisaconus,30,random,0.0,0.714,0.666,0.666,1|3|14|15|22|24|34|41|46|51|54|57|60|61|72|86|90|93|100|104|105|106|112|115|117|118|119|121|123|129,1|1|1|1|1|1|1|1|1|1|1|1|1|1|1|1|1|1|1|1|1|1|1|1|1|1|1|1|1|1
ghisaconus,5,linspacer,0.0,0.631,0.572,0.572,13|39|65|91|117,1|1|1|1|1
ghisaconus,10,linspacer,0.0,0.665,0.615,0.615,6|20|32|46|58|72|84|98|110|124,1|1|1|1|1|1|1|1|1|1
ghisaconus,15,linspacer,0.0,0.72,0.67,0.67,4|13|22|30|39|48|56|65|74|82|91|100|108|117|126,1|1|1|1|1|1|1|1|1|1|1|1|1|1|1
ghisaconus,20,linspacer,0.0,0.736,0.687,0.687,3|10|16|23|29|36|42|49|55|62|68|75|81|88|94|101|107|114|120|127,1|1|1|1|1|1|1|1|1|1|1|1|1|1|1|1|1|1|1|1
ghisaconus,25,linspacer,0.0,0.741,0.686,0.686,3|8|13|18|23|29|34|39|44|49|55|60|65|70|75|81|86|91|96|101|107|112|117|122|127,1|1|1|1|1|1|1|1|1|1|1|1|1|1|1|1|1|1|1|1|1|1|1|1|1
ghisaconus,30,linspacer,0.0,0.747,0.692,0.692,2|6|11|15|20|24|28|32|37|41|46|50|54|59|63|67|72|76|80|84|89|93|98|102|106|110|115|119|124|128,1|1|1|1|1|1|1|1|1|1|1|1|1|1|1|1|1|1|1|1|1|1|1|1|1|1|1|1|1|1
ghisaconus,5,pcal,0.011,0.643,0.524,0.524,22|23|24|25|26,0.32759911612663145|0.3329355445132522|0.3365281361840606|0.3407917013407967|0.3383830943092765
ghisaconus,10,pcal,0.0,0.662,0.587,0.587,18|19|20|21|22|23|24|25|26|27,0.3194774535301178|0.32302756706979197|0.3235521574566187|0.3238341736618587|0.32759911612663145|0.3329355445132522|0.3365281361840606|0.3407917013407967|0.3383830943092765|0.3244693721822297
ghisaconus,15,pcal,0.0,0.655,0.592,0.592,17|18|19|20|21|22|23|24|25|26|27|32|33|34|35,0.3096123378231469|0.3194774535301178|0.32302756706979197|0.3235521574566187|0.3238341736618587|0.32759911612663145|0.3329355445132522|0.3365281361840606|0.3407917013407967|0.3383830943092765|0.3244693721822297|0.30664913867043697|0.3112217979278599|0.3092610891428304|0.30639765646560996
ghisaconus,20,pcal,0.0,0.683,0.616,0.616,4|6|16|17|18|19|20|21|22|23|24|25|26|27|32|33|34|35|36|41,0.29838588628915663|0.2982049678108677|0.3002708521550499|0.3096123378231469|0.3194774535301178|0.32302756706979197|0.3235521574566187|0.3238341736618587|0.32759911612663145|0.3329355445132522|0.3365281361840606|0.3407917013407967|0.3383830943092765|0.3244693721822297|0.30664913867043697|0.3112217979278599|0.3092610891428304|0.30639765646560996|0.30065156909414853|0.297427767603066
ghisaconus,25,pcal,0.0,0.689,0.624,0.624,3|4|5|6|7|16|17|18|19|20|21|22|23|24|25|26|27|32|33|34|35|36|37|41|42,0.2944139228708378|0.29838588628915663|0.2972457064493105|0.2982049678108677|0.29509012842757015|0.3002708521550499|0.3096123378231469|0.3194774535301178|0.32302756706979197|0.3235521574566187|0.3238341736618587|0.32759911612663145|0.3329355445132522|0.3365281361840606|0.3407917013407967|0.3383830943092765|0.3244693721822297|0.30664913867043697|0.3112217979278599|0.3092610891428304|0.30639765646560996|0.30065156909414853|0.2959971740884104|0.297427767603066|0.2972336723130767
ghisaconus,30,pcal,0.0,0.695,0.629,0.629,2|3|4|5|6|7|8|16|17|18|19|20|21|22|23|24|25|26|27|31|32|33|34|35|36|37|40|41|42|43,0.29168853383318194|0.2944139228708378|0.29838588628915663|0.2972457064493105|0.2982049678108677|0.29509012842757015|0.2930065172346004|0.3002708521550499|0.3096123378231469|0.3194774535301178|0.32302756706979197|0.3235521574566187|0.3238341736618587|0.32759911612663145|0.3329355445132522|0.3365281361840606|0.3407917013407967|0.3383830943092765|0.3244693721822297|0.2930598823345833|0.30664913867043697|0.3112217979278599|0.3092610891428304|0.30639765646560996|0.30065156909414853|0.2959971740884104|0.2936495911894484|0.297427767603066|0.2972336723130767|0.2941473291023134
ghisaconus,5,mcuve,1.004,0.509,0.361,0.361,66|67|68|73|74,0.0|0.0|0.0|0.0|0.0
ghisaconus,10,mcuve,1.001,0.586,0.508,0.508,29|67|68|69|70|71|72|73|81|82,0.0|0.0|0.0|0.0|0.0|0.0|0.0|0.0|0.0|0.0
ghisaconus,15,mcuve,1.003,0.613,0.538,0.538,28|29|30|66|67|68|69|70|71|72|73|87|88|93|94,0.0|0.0|0.0|0.0|0.0|0.0|0.0|0.0|0.0|0.0|0.0|0.0|0.0|0.0|0.0
ghisaconus,20,mcuve,1.008,0.563,0.488,0.488,68|69|70|80|81|82|83|84|85|86|87|88|89|90|91|92|93|94|95|96,0.0|0.0|0.0|0.0|0.0|0.0|0.0|0.0|0.0|0.0|0.0|0.0|0.0|0.0|0.0|0.0|0.0|0.0|0.0|0.0
ghisaconus,25,mcuve,1.008,0.622,0.548,0.548,28|29|30|67|68|69|70|71|72|73|74|81|82|83|84|85|86|87|88|89|90|91|92|93|94,0.0|0.0|0.0|0.0|0.0|0.0|0.0|0.0|0.0|0.0|0.0|0.0|0.0|0.0|0.0|0.0|0.0|0.0|0.0|0.0|0.0|0.0|0.0|0.0|0.0
ghisaconus,30,mcuve,0.993,0.659,0.581,0.581,27|28|29|66|67|68|69|70|71|72|73|74|79|80|81|82|83|84|85|86|87|88|91|92|93|94|95|96|97|98,0.0|0.0|0.0|0.0|0.0|0.0|0.0|0.0|0.0|0.0|0.0|0.0|0.0|0.0|0.0|0.0|0.0|0.0|0.0|0.0|0.0|0.0|0.0|0.0|0.0|0.0|0.0|0.0|0.0|0.0
ghisaconus,5,bsnet,51.768,0.587,0.478,0.478,44|61|81|104|122,0.49052464962005615|0.4309457540512085|0.5125486850738525|0.4957025349140167|0.5062160491943359
ghisaconus,10,bsnet,0.0,0.601,0.541,0.541,44|54|61|63|67|73|81|104|106|122,0.49052464962005615|0.4976218044757843|0.4309457540512085|0.45273131132125854|0.4653361141681671|0.46397754549980164|0.5125486850738525|0.4957025349140167|0.5230081677436829|0.5062160491943359
ghisaconus,15,bsnet,0.0,0.648,0.606,0.606,12|44|54|61|63|66|67|73|81|89|104|106|111|122|127,0.5080351233482361|0.49052464962005615|0.4976218044757843|0.4309457540512085|0.45273131132125854|0.5377968549728394|0.4653361141681671|0.46397754549980164|0.5125486850738525|0.5553007125854492|0.4957025349140167|0.5230081677436829|0.5182586312294006|0.5062160491943359|0.5084418654441833
ghisaconus,20,bsnet,0.0,0.662,0.62,0.62,12|44|51|52|53|54|61|63|66|67|72|73|81|89|95|104|106|111|122|127,0.5080351233482361|0.49052464962005615|0.5328420996665955|0.4965512454509735|0.5212073922157288|0.4976218044757843|0.4309457540512085|0.45273131132125854|0.5377968549728394|0.4653361141681671|0.5405604839324951|0.46397754549980164|0.5125486850738525|0.5553007125854492|0.5344794988632202|0.4957025349140167|0.5230081677436829|0.5182586312294006|0.5062160491943359|0.5084418654441833
ghisaconus,25,bsnet,0.0,0.707,0.659,0.659,11|12|17|23|37|44|51|52|53|54|61|63|66|67|72|73|81|89|95|104|106|110|111|122|127,0.5153969526290894|0.5080351233482361|0.5421327352523804|0.4693763852119446|0.470947265625|0.49052464962005615|0.5328420996665955|0.4965512454509735|0.5212073922157288|0.4976218044757843|0.4309457540512085|0.45273131132125854|0.5377968549728394|0.4653361141681671|0.5405604839324951|0.46397754549980164|0.5125486850738525|0.5553007125854492|0.5344794988632202|0.4957025349140167|0.5230081677436829|0.5223824977874756|0.5182586312294006|0.5062160491943359|0.5084418654441833
ghisaconus,30,bsnet,0.0,0.714,0.662,0.662,11|12|17|19|23|32|37|44|50|51|52|53|54|61|63|66|67|72|73|76|81|83|89|95|104|106|110|111|122|127,0.5153969526290894|0.5080351233482361|0.5421327352523804|0.4605357050895691|0.4693763852119446|0.42275285720825195|0.470947265625|0.49052464962005615|0.47730427980422974|0.5328420996665955|0.4965512454509735|0.5212073922157288|0.4976218044757843|0.4309457540512085|0.45273131132125854|0.5377968549728394|0.4653361141681671|0.5405604839324951|0.46397754549980164|0.4999217092990875|0.5125486850738525|0.48905259370803833|0.5553007125854492|0.5344794988632202|0.4957025349140167|0.5230081677436829|0.5223824977874756|0.5182586312294006|0.5062160491943359|0.5084418654441833
ghisaconus,5,bnc,130.764,0.631,0.554,0.554,0|1|17|89|107,0.45855122804641724|0.6874234676361084|0.4814740717411041|0.6670559644699097|0.592275083065033
ghisaconus,10,bnc,0.0,0.654,0.601,0.601,0|1|15|17|19|25|73|80|89|107,0.45855122804641724|0.6874234676361084|0.637927770614624|0.4814740717411041|0.5211890935897827|0.4257376194000244|0.6368962526321411|0.48203057050704956|0.6670559644699097|0.592275083065033
ghisaconus,15,bnc,0.0,0.693,0.642,0.642,0|1|6|7|15|17|19|22|25|26|73|80|89|102|107,0.45855122804641724|0.6874234676361084|0.6258558034896851|0.5789709091186523|0.637927770614624|0.4814740717411041|0.5211890935897827|0.4595435857772827|0.4257376194000244|0.34713420271873474|0.6368962526321411|0.48203057050704956|0.6670559644699097|0.460584819316864|0.592275083065033
ghisaconus,20,bnc,0.0,0.707,0.655,0.655,0|1|6|7|15|17|19|22|25|26|73|78|80|88|89|95|102|107|111|122,0.45855122804641724|0.6874234676361084|0.6258558034896851|0.5789709091186523|0.637927770614624|0.4814740717411041|0.5211890935897827|0.4595435857772827|0.4257376194000244|0.34713420271873474|0.6368962526321411|0.651651918888092|0.48203057050704956|0.6657178401947021|0.6670559644699097|0.38047751784324646|0.460584819316864|0.592275083065033|0.6617981195449829|0.5402854681015015
ghisaconus,25,bnc,0.0,0.725,0.671,0.671,0|1|6|7|12|15|17|19|22|25|26|41|73|78|80|82|84|88|89|95|97|102|107|111|122,0.45855122804641724|0.6874234676361084|0.6258558034896851|0.5789709091186523|0.5258022546768188|0.637927770614624|0.4814740717411041|0.5211890935897827|0.4595435857772827|0.4257376194000244|0.34713420271873474|0.4626690149307251|0.6368962526321411|0.651651918888092|0.48203057050704956|0.5588274002075195|0.506859540939331|0.6657178401947021|0.6670559644699097|0.38047751784324646|0.6403325796127319|0.460584819316864|0.592275083065033|0.6617981195449829|0.5402854681015015
ghisaconus,30,bnc,0.0,0.726,0.668,0.668,0|1|6|7|12|15|17|19|22|25|26|41|44|73|78|80|82|84|86|88|89|92|93|95|97|102|107|111|122|124,0.45855122804641724|0.6874234676361084|0.6258558034896851|0.5789709091186523|0.5258022546768188|0.637927770614624|0.4814740717411041|0.5211890935897827|0.4595435857772827|0.4257376194000244|0.34713420271873474|0.4626690149307251|0.5785316228866577|0.6368962526321411|0.651651918888092|0.48203057050704956|0.5588274002075195|0.506859540939331|0.6422904133796692|0.6657178401947021|0.6670559644699097|0.4543922245502472|0.6386531591415405|0.38047751784324646|0.6403325796127319|0.460584819316864|0.592275083065033|0.6617981195449829|0.5402854681015015|0.5297743678092957
ghisaconus,5,c1,90.253,0.651,0.589,0.589,18|22|30|62|75,0.9224358201026917|0.3962600529193878|0.04578481242060661|0.23981785774230957|1.1583701372146606
ghisaconus,10,c1,0.0,0.712,0.662,0.662,11|18|22|27|30|40|62|71|75|106,1.1136876344680786|0.9224358201026917|0.3962600529193878|1.0610096454620361|0.04578481242060661|0.06235239654779434|0.23981785774230957|1.1469841003417969|1.1583701372146606|0.0974007397890091
ghisaconus,15,c1,0.0,0.739,0.691,0.691,3|5|9|11|18|22|27|30|34|40|62|71|75|106|115,0.9718101620674133|0.1660415530204773|1.3258795738220215|1.1136876344680786|0.9224358201026917|0.3962600529193878|1.0610096454620361|0.04578481242060661|0.07950432598590851|0.06235239654779434|0.23981785774230957|1.1469841003417969|1.1583701372146606|0.0974007397890091|0.03280802071094513
ghisaconus,20,c1,0.0,0.748,0.702,0.702,3|5|6|9|11|18|22|27|30|34|40|62|71|75|81|103|106|115|117|124,0.9718101620674133|0.1660415530204773|0.16100995242595673|1.3258795738220215|1.1136876344680786|0.9224358201026917|0.3962600529193878|1.0610096454620361|0.04578481242060661|0.07950432598590851|0.06235239654779434|0.23981785774230957|1.1469841003417969|1.1583701372146606|1.7423268556594849|0.0352887399494648|0.0974007397890091|0.03280802071094513|0.6227656006813049|0.4063117206096649
ghisaconus,25,c1,0.0,0.754,0.703,0.703,3|5|6|9|10|11|18|22|27|30|34|40|55|62|71|75|81|90|101|103|106|115|117|124|126,0.9718101620674133|0.1660415530204773|0.16100995242595673|1.3258795738220215|1.3621768951416016|1.1136876344680786|0.9224358201026917|0.3962600529193878|1.0610096454620361|0.04578481242060661|0.07950432598590851|0.06235239654779434|0.3123277425765991|0.23981785774230957|1.1469841003417969|1.1583701372146606|1.7423268556594849|0.10329753905534744|0.786962628364563|0.0352887399494648|0.0974007397890091|0.03280802071094513|0.6227656006813049|0.4063117206096649|0.04154980555176735
ghisaconus,30,c1,0.0,0.754,0.701,0.701,0|3|5|6|9|10|11|18|22|27|30|31|34|40|43|54|55|62|71|75|81|90|93|101|103|106|115|117|124|126,0.201959490776062|0.9718101620674133|0.1660415530204773|0.16100995242595673|1.3258795738220215|1.3621768951416016|1.1136876344680786|0.9224358201026917|0.3962600529193878|1.0610096454620361|0.04578481242060661|0.17879866063594818|0.07950432598590851|0.06235239654779434|1.2871077060699463|0.5412894487380981|0.3123277425765991|0.23981785774230957|1.1469841003417969|1.1583701372146606|1.7423268556594849|0.10329753905534744|0.7857857942581177|0.786962628364563|0.0352887399494648|0.0974007397890091|0.03280802071094513|0.6227656006813049|0.4063117206096649|0.04154980555176735
ghisaconus,5,bsdr,1.195,0.647,0.602,0.602,18|49|71|91|108,1|1|1|1|1
ghisaconus,10,bsdr,1.013,0.677,0.638,0.638,16|23|33|47|62|71|90|91|106|118,1|1|1|1|1|1|1|1|1|1
ghisaconus,15,bsdr,1.033,0.72,0.669,0.669,12|15|25|28|34|47|62|71|87|90|91|107|117|118,1|1|1|1|1|1|1|1|1|1|1|1|1|1
ghisaconus,20,bsdr,1.03,0.728,0.681,0.681,7|13|18|21|28|39|47|58|62|71|72|83|90|91|106|108|118|125,1|1|1|1|1|1|1|1|1|1|1|1|1|1|1|1|1|1
ghisaconus,25,bsdr,1.024,0.743,0.694,0.694,5|11|18|25|28|39|46|47|58|62|71|76|83|90|91|98|106|109|118|126,1|1|1|1|1|1|1|1|1|1|1|1|1|1|1|1|1|1|1|1
ghisaconus,30,bsdr,1.057,0.746,0.692,0.692,4|11|16|18|19|25|28|39|44|47|59|62|72|75|77|82|90|91|100|105|108|118|121|125,1|1|1|1|1|1|1|1|1|1|1|1|1|1|1|1|1|1|1|1|1|1|1|1
